-- Seed data for products and categories
-- Generated from production database on 2026-02-22
--
-- Usage: psql -h <host> -U <user> -d <database> -f seed_products.sql
--
-- Prerequisites: tables must exist (run migrations first)
-- This script is idempotent when run on an empty database.
-- On a database with existing data, use: TRUNCATE product_translations, product_choice_translations, product_choices, products, product_category_translations, product_categories CASCADE;

BEGIN;

-- ============================================================
-- Product Categories (17 categories)
-- ============================================================
INSERT INTO product_categories (id, created_at, updated_at, "order") VALUES ('9e1992c3-2e26-4082-8219-06ca8da5d66f', CURRENT_TIMESTAMP, CURRENT_TIMESTAMP, 1);
INSERT INTO product_categories (id, created_at, updated_at, "order") VALUES ('9e1992c3-b51e-4b9d-845c-ec88b640977a', CURRENT_TIMESTAMP, CURRENT_TIMESTAMP, 2);
INSERT INTO product_categories (id, created_at, updated_at, "order") VALUES ('9e1992c4-37c7-493e-b69a-0b71cc7af146', CURRENT_TIMESTAMP, CURRENT_TIMESTAMP, 3);
INSERT INTO product_categories (id, created_at, updated_at, "order") VALUES ('9e1992c4-be65-4adf-8e18-6035219974ee', CURRENT_TIMESTAMP, CURRENT_TIMESTAMP, 4);
INSERT INTO product_categories (id, created_at, updated_at, "order") VALUES ('9e1992c5-4002-4797-ba9d-feb545add16e', CURRENT_TIMESTAMP, CURRENT_TIMESTAMP, 5);
INSERT INTO product_categories (id, created_at, updated_at, "order") VALUES ('9e1992c5-bf91-406b-88a7-61dc600d3990', CURRENT_TIMESTAMP, CURRENT_TIMESTAMP, 6);
INSERT INTO product_categories (id, created_at, updated_at, "order") VALUES ('9e1992c6-4378-48cd-be59-aa585d9f90fc', CURRENT_TIMESTAMP, CURRENT_TIMESTAMP, 7);
INSERT INTO product_categories (id, created_at, updated_at, "order") VALUES ('9e1992c6-c71c-4a29-9457-2c0eaecab8c8', CURRENT_TIMESTAMP, CURRENT_TIMESTAMP, 8);
INSERT INTO product_categories (id, created_at, updated_at, "order") VALUES ('9e1992c7-47c9-44f5-8065-389f83ee6f6a', CURRENT_TIMESTAMP, CURRENT_TIMESTAMP, 9);
INSERT INTO product_categories (id, created_at, updated_at, "order") VALUES ('9e1992c7-c630-47b9-9528-a3ebb9ed4f31', CURRENT_TIMESTAMP, CURRENT_TIMESTAMP, 10);
INSERT INTO product_categories (id, created_at, updated_at, "order") VALUES ('9e1992c8-49d8-4bd1-8811-4ce3978789b7', CURRENT_TIMESTAMP, CURRENT_TIMESTAMP, 11);
INSERT INTO product_categories (id, created_at, updated_at, "order") VALUES ('9e1992c8-c8fd-4974-803d-cd7f9c0c1e6d', CURRENT_TIMESTAMP, CURRENT_TIMESTAMP, 12);
INSERT INTO product_categories (id, created_at, updated_at, "order") VALUES ('9e1992c9-4c21-4723-a416-96550589eb7c', CURRENT_TIMESTAMP, CURRENT_TIMESTAMP, 13);
INSERT INTO product_categories (id, created_at, updated_at, "order") VALUES ('9e1992c9-d637-4dcc-ae10-bd9a445495b8', CURRENT_TIMESTAMP, CURRENT_TIMESTAMP, 14);
INSERT INTO product_categories (id, created_at, updated_at, "order") VALUES ('9e1992ca-e360-4498-ab6a-62852f8f213b', CURRENT_TIMESTAMP, CURRENT_TIMESTAMP, 15);
INSERT INTO product_categories (id, created_at, updated_at, "order") VALUES ('9e1992cb-66d5-4334-b6e6-669f37047773', CURRENT_TIMESTAMP, CURRENT_TIMESTAMP, 16);
INSERT INTO product_categories (id, created_at, updated_at, "order") VALUES ('efbd4ee3-671a-4568-bd50-d00dc38905cc', CURRENT_TIMESTAMP, CURRENT_TIMESTAMP, 17);

-- ============================================================
-- Product Category Translations (51 rows: 17 categories x 3 languages)
-- ============================================================
INSERT INTO product_category_translations (id, product_category_id, language, name, created_at, updated_at) VALUES ('9e1992c3-4ebd-4123-ae86-2f9ac29c1eb4', '9e1992c3-2e26-4082-8219-06ca8da5d66f', 'en', 'Platter menu', CURRENT_TIMESTAMP, CURRENT_TIMESTAMP);
INSERT INTO product_category_translations (id, product_category_id, language, name, created_at, updated_at) VALUES ('9e1992c3-6afb-4924-af2f-3b8192fadcc9', '9e1992c3-2e26-4082-8219-06ca8da5d66f', 'fr', 'Menu plateau', CURRENT_TIMESTAMP, CURRENT_TIMESTAMP);
INSERT INTO product_category_translations (id, product_category_id, language, name, created_at, updated_at) VALUES ('54fe9288-e347-4dce-9899-e96fb016b7a6', '9e1992c3-2e26-4082-8219-06ca8da5d66f', 'zh', '拼盘套餐', CURRENT_TIMESTAMP, CURRENT_TIMESTAMP);
INSERT INTO product_category_translations (id, product_category_id, language, name, created_at, updated_at) VALUES ('9e1992c3-cfdf-4405-84bd-ed2446288561', '9e1992c3-b51e-4b9d-845c-ec88b640977a', 'en', 'Bento box menu', CURRENT_TIMESTAMP, CURRENT_TIMESTAMP);
INSERT INTO product_category_translations (id, product_category_id, language, name, created_at, updated_at) VALUES ('9e1992c3-eda5-468f-91ae-c2d8760b84dd', '9e1992c3-b51e-4b9d-845c-ec88b640977a', 'fr', 'Menu bento box', CURRENT_TIMESTAMP, CURRENT_TIMESTAMP);
INSERT INTO product_category_translations (id, product_category_id, language, name, created_at, updated_at) VALUES ('31eac430-1d2f-4c35-b7de-3c21a5893262', '9e1992c3-b51e-4b9d-845c-ec88b640977a', 'zh', '便当套餐', CURRENT_TIMESTAMP, CURRENT_TIMESTAMP);
INSERT INTO product_category_translations (id, product_category_id, language, name, created_at, updated_at) VALUES ('9e1992c4-5104-481e-ac2f-e2609eb6eae0', '9e1992c4-37c7-493e-b69a-0b71cc7af146', 'en', 'Sushi', CURRENT_TIMESTAMP, CURRENT_TIMESTAMP);
INSERT INTO product_category_translations (id, product_category_id, language, name, created_at, updated_at) VALUES ('9e1992c4-6c39-4dfe-ba22-ed467ea368d4', '9e1992c4-37c7-493e-b69a-0b71cc7af146', 'fr', 'Sushi', CURRENT_TIMESTAMP, CURRENT_TIMESTAMP);
INSERT INTO product_category_translations (id, product_category_id, language, name, created_at, updated_at) VALUES ('7facc7c1-8cce-40ee-bf97-dfd5ffac5897', '9e1992c4-37c7-493e-b69a-0b71cc7af146', 'zh', '寿司', CURRENT_TIMESTAMP, CURRENT_TIMESTAMP);
INSERT INTO product_category_translations (id, product_category_id, language, name, created_at, updated_at) VALUES ('9e1992c4-da89-4ed0-b484-c379b5673c4e', '9e1992c4-be65-4adf-8e18-6035219974ee', 'en', 'Maki', CURRENT_TIMESTAMP, CURRENT_TIMESTAMP);
INSERT INTO product_category_translations (id, product_category_id, language, name, created_at, updated_at) VALUES ('9e1992c4-f2d2-4f20-925c-ef6c75213da7', '9e1992c4-be65-4adf-8e18-6035219974ee', 'fr', 'Maki', CURRENT_TIMESTAMP, CURRENT_TIMESTAMP);
INSERT INTO product_category_translations (id, product_category_id, language, name, created_at, updated_at) VALUES ('1fa3de66-043e-49ee-994d-ffc4715b6c65', '9e1992c4-be65-4adf-8e18-6035219974ee', 'zh', '卷寿司', CURRENT_TIMESTAMP, CURRENT_TIMESTAMP);
INSERT INTO product_category_translations (id, product_category_id, language, name, created_at, updated_at) VALUES ('9e1992c5-58c3-4b3f-acbd-94512e3bfcc4', '9e1992c5-4002-4797-ba9d-feb545add16e', 'en', 'Gunkan', CURRENT_TIMESTAMP, CURRENT_TIMESTAMP);
INSERT INTO product_category_translations (id, product_category_id, language, name, created_at, updated_at) VALUES ('9e1992c5-72e2-49fc-b11b-36a2cb99b080', '9e1992c5-4002-4797-ba9d-feb545add16e', 'fr', 'Gunkan', CURRENT_TIMESTAMP, CURRENT_TIMESTAMP);
INSERT INTO product_category_translations (id, product_category_id, language, name, created_at, updated_at) VALUES ('43b7426b-df16-4577-96c5-1d248ef4b487', '9e1992c5-4002-4797-ba9d-feb545add16e', 'zh', '军舰寿司', CURRENT_TIMESTAMP, CURRENT_TIMESTAMP);
INSERT INTO product_category_translations (id, product_category_id, language, name, created_at, updated_at) VALUES ('9e1992c5-d7b2-48fb-8c04-8d86676814ad', '9e1992c5-bf91-406b-88a7-61dc600d3990', 'en', 'Spring roll', CURRENT_TIMESTAMP, CURRENT_TIMESTAMP);
INSERT INTO product_category_translations (id, product_category_id, language, name, created_at, updated_at) VALUES ('9e1992c5-effb-475e-bf95-4ba06f6565ec', '9e1992c5-bf91-406b-88a7-61dc600d3990', 'fr', 'Spring roll', CURRENT_TIMESTAMP, CURRENT_TIMESTAMP);
INSERT INTO product_category_translations (id, product_category_id, language, name, created_at, updated_at) VALUES ('04b34b3d-fab8-46bc-8e3b-9b0434a428c6', '9e1992c5-bf91-406b-88a7-61dc600d3990', 'zh', '春卷', CURRENT_TIMESTAMP, CURRENT_TIMESTAMP);
INSERT INTO product_category_translations (id, product_category_id, language, name, created_at, updated_at) VALUES ('9e1992c6-5d76-4446-89d2-eb5b81e87a76', '9e1992c6-4378-48cd-be59-aa585d9f90fc', 'en', 'California roll', CURRENT_TIMESTAMP, CURRENT_TIMESTAMP);
INSERT INTO product_category_translations (id, product_category_id, language, name, created_at, updated_at) VALUES ('9e1992c6-77fb-4141-8d74-b96b9a4489f6', '9e1992c6-4378-48cd-be59-aa585d9f90fc', 'fr', 'California roll', CURRENT_TIMESTAMP, CURRENT_TIMESTAMP);
INSERT INTO product_category_translations (id, product_category_id, language, name, created_at, updated_at) VALUES ('ea18a9ad-c7dc-4342-9db1-0875f7050566', '9e1992c6-4378-48cd-be59-aa585d9f90fc', 'zh', '加州卷', CURRENT_TIMESTAMP, CURRENT_TIMESTAMP);
INSERT INTO product_category_translations (id, product_category_id, language, name, created_at, updated_at) VALUES ('9e1992c6-e1c5-4a4c-8ec7-73583ae7d542', '9e1992c6-c71c-4a29-9457-2c0eaecab8c8', 'en', 'Temaki', CURRENT_TIMESTAMP, CURRENT_TIMESTAMP);
INSERT INTO product_category_translations (id, product_category_id, language, name, created_at, updated_at) VALUES ('9e1992c6-fbff-4287-8902-e0dc57f1c385', '9e1992c6-c71c-4a29-9457-2c0eaecab8c8', 'fr', 'Temaki', CURRENT_TIMESTAMP, CURRENT_TIMESTAMP);
INSERT INTO product_category_translations (id, product_category_id, language, name, created_at, updated_at) VALUES ('f9511570-49b1-4614-8914-a5739a8b7d9c', '9e1992c6-c71c-4a29-9457-2c0eaecab8c8', 'zh', '手卷', CURRENT_TIMESTAMP, CURRENT_TIMESTAMP);
INSERT INTO product_category_translations (id, product_category_id, language, name, created_at, updated_at) VALUES ('9e1992c7-60b1-457e-9ef0-b79650f33188', '9e1992c7-47c9-44f5-8065-389f83ee6f6a', 'en', 'Masago roll', CURRENT_TIMESTAMP, CURRENT_TIMESTAMP);
INSERT INTO product_category_translations (id, product_category_id, language, name, created_at, updated_at) VALUES ('9e1992c7-798f-40ca-bbe6-bd9678a76879', '9e1992c7-47c9-44f5-8065-389f83ee6f6a', 'fr', 'Masago roll', CURRENT_TIMESTAMP, CURRENT_TIMESTAMP);
INSERT INTO product_category_translations (id, product_category_id, language, name, created_at, updated_at) VALUES ('bb14b1c2-64aa-4d2e-91ed-f2b4cf67f5e3', '9e1992c7-47c9-44f5-8065-389f83ee6f6a', 'zh', '鱼子卷', CURRENT_TIMESTAMP, CURRENT_TIMESTAMP);
INSERT INTO product_category_translations (id, product_category_id, language, name, created_at, updated_at) VALUES ('9e1992c7-e050-4ad3-923c-a43b9eaec1b7', '9e1992c7-c630-47b9-9528-a3ebb9ed4f31', 'en', 'Special roll', CURRENT_TIMESTAMP, CURRENT_TIMESTAMP);
INSERT INTO product_category_translations (id, product_category_id, language, name, created_at, updated_at) VALUES ('9e1992c7-facc-4059-a94d-c9855486e711', '9e1992c7-c630-47b9-9528-a3ebb9ed4f31', 'fr', 'Spécial roll', CURRENT_TIMESTAMP, CURRENT_TIMESTAMP);
INSERT INTO product_category_translations (id, product_category_id, language, name, created_at, updated_at) VALUES ('8fe470b5-ab62-4f9d-9ae8-23d5f494cfe6', '9e1992c7-c630-47b9-9528-a3ebb9ed4f31', 'zh', '特色卷', CURRENT_TIMESTAMP, CURRENT_TIMESTAMP);
INSERT INTO product_category_translations (id, product_category_id, language, name, created_at, updated_at) VALUES ('9e1992c8-62bc-4d4d-8898-456ca57ed549', '9e1992c8-49d8-4bd1-8811-4ce3978789b7', 'en', 'Chirashi', CURRENT_TIMESTAMP, CURRENT_TIMESTAMP);
INSERT INTO product_category_translations (id, product_category_id, language, name, created_at, updated_at) VALUES ('9e1992c8-7f51-465e-bad4-09a4ac755efd', '9e1992c8-49d8-4bd1-8811-4ce3978789b7', 'fr', 'Chirashi', CURRENT_TIMESTAMP, CURRENT_TIMESTAMP);
INSERT INTO product_category_translations (id, product_category_id, language, name, created_at, updated_at) VALUES ('b703642a-f4fc-454e-a7bc-9f6be51c9dad', '9e1992c8-49d8-4bd1-8811-4ce3978789b7', 'zh', '散寿司', CURRENT_TIMESTAMP, CURRENT_TIMESTAMP);
INSERT INTO product_category_translations (id, product_category_id, language, name, created_at, updated_at) VALUES ('9e1992c8-e10f-4935-8685-136501ca77f4', '9e1992c8-c8fd-4974-803d-cd7f9c0c1e6d', 'en', 'Sashimi', CURRENT_TIMESTAMP, CURRENT_TIMESTAMP);
INSERT INTO product_category_translations (id, product_category_id, language, name, created_at, updated_at) VALUES ('9e1992c8-fb4e-4cce-8a22-72283647213d', '9e1992c8-c8fd-4974-803d-cd7f9c0c1e6d', 'fr', 'Sashimi', CURRENT_TIMESTAMP, CURRENT_TIMESTAMP);
INSERT INTO product_category_translations (id, product_category_id, language, name, created_at, updated_at) VALUES ('b10d301d-661e-46bf-b7a8-a9402d97eec9', '9e1992c8-c8fd-4974-803d-cd7f9c0c1e6d', 'zh', '刺身', CURRENT_TIMESTAMP, CURRENT_TIMESTAMP);
INSERT INTO product_category_translations (id, product_category_id, language, name, created_at, updated_at) VALUES ('9e1992c9-6720-4c51-bdd6-6bc94dec4a9b', '9e1992c9-4c21-4723-a416-96550589eb7c', 'en', 'Poke bowl', CURRENT_TIMESTAMP, CURRENT_TIMESTAMP);
INSERT INTO product_category_translations (id, product_category_id, language, name, created_at, updated_at) VALUES ('9e1992c9-840a-4bc0-a9b2-7241f8381a17', '9e1992c9-4c21-4723-a416-96550589eb7c', 'fr', 'Poke bowl', CURRENT_TIMESTAMP, CURRENT_TIMESTAMP);
INSERT INTO product_category_translations (id, product_category_id, language, name, created_at, updated_at) VALUES ('a78afc2b-ea5a-4e1a-bd21-64683ca201e2', '9e1992c9-4c21-4723-a416-96550589eb7c', 'zh', '夏威夷鱼生饭', CURRENT_TIMESTAMP, CURRENT_TIMESTAMP);
INSERT INTO product_category_translations (id, product_category_id, language, name, created_at, updated_at) VALUES ('9e1992c9-f1bf-49ea-93e2-1c233e532be0', '9e1992c9-d637-4dcc-ae10-bd9a445495b8', 'en', 'Tokyo hot', CURRENT_TIMESTAMP, CURRENT_TIMESTAMP);
INSERT INTO product_category_translations (id, product_category_id, language, name, created_at, updated_at) VALUES ('9e1992ca-0b68-4003-a464-0db624f15d91', '9e1992c9-d637-4dcc-ae10-bd9a445495b8', 'fr', 'Tokyo hot', CURRENT_TIMESTAMP, CURRENT_TIMESTAMP);
INSERT INTO product_category_translations (id, product_category_id, language, name, created_at, updated_at) VALUES ('4504466d-746d-4ce7-af4b-ba6fa3fb5e7b', '9e1992c9-d637-4dcc-ae10-bd9a445495b8', 'zh', '东京热食', CURRENT_TIMESTAMP, CURRENT_TIMESTAMP);
INSERT INTO product_category_translations (id, product_category_id, language, name, created_at, updated_at) VALUES ('9e1992ca-fdf5-4f3e-a535-307fd739cf1f', '9e1992ca-e360-4498-ab6a-62852f8f213b', 'en', 'Side dish', CURRENT_TIMESTAMP, CURRENT_TIMESTAMP);
INSERT INTO product_category_translations (id, product_category_id, language, name, created_at, updated_at) VALUES ('9e1992cb-1b2e-4fd3-af4f-734dee065ef8', '9e1992ca-e360-4498-ab6a-62852f8f213b', 'fr', 'Accompagnement', CURRENT_TIMESTAMP, CURRENT_TIMESTAMP);
INSERT INTO product_category_translations (id, product_category_id, language, name, created_at, updated_at) VALUES ('b640bc7d-87f1-43f5-be9b-24a078a290d3', '9e1992ca-e360-4498-ab6a-62852f8f213b', 'zh', '配菜', CURRENT_TIMESTAMP, CURRENT_TIMESTAMP);
INSERT INTO product_category_translations (id, product_category_id, language, name, created_at, updated_at) VALUES ('9e1992cb-83a6-4d73-9382-5e2fa8d3dfd3', '9e1992cb-66d5-4334-b6e6-669f37047773', 'en', 'Drink', CURRENT_TIMESTAMP, CURRENT_TIMESTAMP);
INSERT INTO product_category_translations (id, product_category_id, language, name, created_at, updated_at) VALUES ('9e1992cb-9d58-4fdd-8a32-db607e76d80a', '9e1992cb-66d5-4334-b6e6-669f37047773', 'fr', 'Boisson', CURRENT_TIMESTAMP, CURRENT_TIMESTAMP);
INSERT INTO product_category_translations (id, product_category_id, language, name, created_at, updated_at) VALUES ('318c358f-63f7-4568-9bdb-40b719760a3d', '9e1992cb-66d5-4334-b6e6-669f37047773', 'zh', '饮品', CURRENT_TIMESTAMP, CURRENT_TIMESTAMP);
INSERT INTO product_category_translations (id, product_category_id, language, name, created_at, updated_at) VALUES ('1aa51da5-2bbd-4519-8903-d73dfdafc551', 'efbd4ee3-671a-4568-bd50-d00dc38905cc', 'en', 'Dessert', CURRENT_TIMESTAMP, CURRENT_TIMESTAMP);
INSERT INTO product_category_translations (id, product_category_id, language, name, created_at, updated_at) VALUES ('3822ef5d-32e7-4525-b56c-19bedc248180', 'efbd4ee3-671a-4568-bd50-d00dc38905cc', 'fr', 'Dessert', CURRENT_TIMESTAMP, CURRENT_TIMESTAMP);
INSERT INTO product_category_translations (id, product_category_id, language, name, created_at, updated_at) VALUES ('c757b661-7a82-48a9-b7d3-88d4093e6dfd', 'efbd4ee3-671a-4568-bd50-d00dc38905cc', 'zh', '甜点', CURRENT_TIMESTAMP, CURRENT_TIMESTAMP);

-- ============================================================
-- Products (164 products)
-- ============================================================
INSERT INTO products (id, created_at, updated_at, category_id, price, is_visible, is_available, code, slug, is_halal, is_vegan, piece_count, is_discountable) VALUES ('9e199417-ed89-4c19-b4a2-4f30998bcd44', CURRENT_TIMESTAMP, CURRENT_TIMESTAMP, '9e1992c3-2e26-4082-8219-06ca8da5d66f', 52.50, true, true, NULL, 'menu-plateau-42', false, false, NULL, true);
INSERT INTO products (id, created_at, updated_at, category_id, price, is_visible, is_available, code, slug, is_halal, is_vegan, piece_count, is_discountable) VALUES ('9e199415-0f31-46a9-ae14-f0dc0899e681', CURRENT_TIMESTAMP, CURRENT_TIMESTAMP, '9e1992c3-2e26-4082-8219-06ca8da5d66f', 18.80, true, true, NULL, 'menu-m2', false, false, NULL, true);
INSERT INTO products (id, created_at, updated_at, category_id, price, is_visible, is_available, code, slug, is_halal, is_vegan, piece_count, is_discountable) VALUES ('9e199415-5b4b-44b1-8962-c2d09ac35398', CURRENT_TIMESTAMP, CURRENT_TIMESTAMP, '9e1992c3-2e26-4082-8219-06ca8da5d66f', 21.80, true, true, NULL, 'menu-plateau-saumon', false, false, NULL, true);
INSERT INTO products (id, created_at, updated_at, category_id, price, is_visible, is_available, code, slug, is_halal, is_vegan, piece_count, is_discountable) VALUES ('9e199415-ae0c-46e3-85cd-328572c33824', CURRENT_TIMESTAMP, CURRENT_TIMESTAMP, '9e1992c3-2e26-4082-8219-06ca8da5d66f', 24.80, true, true, NULL, 'menu-plateau-california-24', false, false, NULL, true);
INSERT INTO products (id, created_at, updated_at, category_id, price, is_visible, is_available, code, slug, is_halal, is_vegan, piece_count, is_discountable) VALUES ('9e199415-feca-4ded-8eca-3c332cc54481', CURRENT_TIMESTAMP, CURRENT_TIMESTAMP, '9e1992c3-2e26-4082-8219-06ca8da5d66f', 50.80, true, true, NULL, 'menu-plateau-46', false, false, NULL, true);
INSERT INTO products (id, created_at, updated_at, category_id, price, is_visible, is_available, code, slug, is_halal, is_vegan, piece_count, is_discountable) VALUES ('9e199416-524b-4005-a062-e05c986fa314', CURRENT_TIMESTAMP, CURRENT_TIMESTAMP, '9e1992c3-2e26-4082-8219-06ca8da5d66f', 42.80, true, true, NULL, 'menu-plateau-36', false, false, NULL, true);
INSERT INTO products (id, created_at, updated_at, category_id, price, is_visible, is_available, code, slug, is_halal, is_vegan, piece_count, is_discountable) VALUES ('9e199416-a3a3-48ac-b6b2-eb2b7925c899', CURRENT_TIMESTAMP, CURRENT_TIMESTAMP, '9e1992c3-2e26-4082-8219-06ca8da5d66f', 26.80, true, true, NULL, 'menu-m4', false, false, NULL, true);
INSERT INTO products (id, created_at, updated_at, category_id, price, is_visible, is_available, code, slug, is_halal, is_vegan, piece_count, is_discountable) VALUES ('9e199416-f4d9-47f2-b8dc-0c8327eeb7e0', CURRENT_TIMESTAMP, CURRENT_TIMESTAMP, '9e1992c3-2e26-4082-8219-06ca8da5d66f', 24.80, true, true, NULL, 'menu-plateau-sushi-mix', false, false, NULL, true);
INSERT INTO products (id, created_at, updated_at, category_id, price, is_visible, is_available, code, slug, is_halal, is_vegan, piece_count, is_discountable) VALUES ('9e199417-48c6-457a-999c-ddf84a61e059', CURRENT_TIMESTAMP, CURRENT_TIMESTAMP, '9e1992c3-2e26-4082-8219-06ca8da5d66f', 49.80, true, true, NULL, 'menu-plateau-38', false, false, NULL, true);
INSERT INTO products (id, created_at, updated_at, category_id, price, is_visible, is_available, code, slug, is_halal, is_vegan, piece_count, is_discountable) VALUES ('9e199417-9a6e-47fd-be78-c12ee79cb784', CURRENT_TIMESTAMP, CURRENT_TIMESTAMP, '9e1992c3-2e26-4082-8219-06ca8da5d66f', 17.00, true, true, NULL, 'menu-plateau-saumon-time', false, false, NULL, true);
INSERT INTO products (id, created_at, updated_at, category_id, price, is_visible, is_available, code, slug, is_halal, is_vegan, piece_count, is_discountable) VALUES ('9e199418-44c3-4e92-81d5-99427e724fec', CURRENT_TIMESTAMP, CURRENT_TIMESTAMP, '9e1992c3-2e26-4082-8219-06ca8da5d66f', 21.80, true, true, NULL, 'menu-m3', false, false, NULL, true);
INSERT INTO products (id, created_at, updated_at, category_id, price, is_visible, is_available, code, slug, is_halal, is_vegan, piece_count, is_discountable) VALUES ('9e199418-9af4-4160-989f-1fad121bd58a', CURRENT_TIMESTAMP, CURRENT_TIMESTAMP, '9e1992c3-2e26-4082-8219-06ca8da5d66f', 56.80, true, true, NULL, 'menu-m7', false, false, NULL, true);
INSERT INTO products (id, created_at, updated_at, category_id, price, is_visible, is_available, code, slug, is_halal, is_vegan, piece_count, is_discountable) VALUES ('9e199418-e962-4969-a5bc-12dd47768537', CURRENT_TIMESTAMP, CURRENT_TIMESTAMP, '9e1992c3-2e26-4082-8219-06ca8da5d66f', 30.80, true, true, NULL, 'menu-m5', false, false, NULL, true);
INSERT INTO products (id, created_at, updated_at, category_id, price, is_visible, is_available, code, slug, is_halal, is_vegan, piece_count, is_discountable) VALUES ('9e199419-42ab-4c05-a91e-8aab6a24aa8f', CURRENT_TIMESTAMP, CURRENT_TIMESTAMP, '9e1992c3-2e26-4082-8219-06ca8da5d66f', 14.80, true, true, NULL, 'menu-plateau-sushi-saumon', false, false, NULL, true);
INSERT INTO products (id, created_at, updated_at, category_id, price, is_visible, is_available, code, slug, is_halal, is_vegan, piece_count, is_discountable) VALUES ('9e199419-97b6-49b7-8b04-afe46ac919a3', CURRENT_TIMESTAMP, CURRENT_TIMESTAMP, '9e1992c3-2e26-4082-8219-06ca8da5d66f', 18.50, true, true, NULL, 'menu-plateau-16', false, false, NULL, true);
INSERT INTO products (id, created_at, updated_at, category_id, price, is_visible, is_available, code, slug, is_halal, is_vegan, piece_count, is_discountable) VALUES ('9e199419-e6b0-4026-8392-05232803ecd6', CURRENT_TIMESTAMP, CURRENT_TIMESTAMP, '9e1992c3-2e26-4082-8219-06ca8da5d66f', 98.00, true, true, NULL, 'menu-plateau-tokyo', false, false, NULL, true);
INSERT INTO products (id, created_at, updated_at, category_id, price, is_visible, is_available, code, slug, is_halal, is_vegan, piece_count, is_discountable) VALUES ('9e19941a-3a0f-475d-8244-7cdf3f418f0a', CURRENT_TIMESTAMP, CURRENT_TIMESTAMP, '9e1992c3-2e26-4082-8219-06ca8da5d66f', 92.80, true, true, NULL, 'menu-plateau-80', false, false, NULL, true);
INSERT INTO products (id, created_at, updated_at, category_id, price, is_visible, is_available, code, slug, is_halal, is_vegan, piece_count, is_discountable) VALUES ('9e19941a-8d93-4b09-a3a7-a26675346e53', CURRENT_TIMESTAMP, CURRENT_TIMESTAMP, '9e1992c3-2e26-4082-8219-06ca8da5d66f', 24.80, true, true, NULL, 'menu-plateau-sushi-grille', false, false, NULL, true);
INSERT INTO products (id, created_at, updated_at, category_id, price, is_visible, is_available, code, slug, is_halal, is_vegan, piece_count, is_discountable) VALUES ('9e19941a-dd58-4753-afed-1e51f4055f55', CURRENT_TIMESTAMP, CURRENT_TIMESTAMP, '9e1992c3-2e26-4082-8219-06ca8da5d66f', 50.80, true, true, NULL, 'menu-m6', false, false, NULL, true);
INSERT INTO products (id, created_at, updated_at, category_id, price, is_visible, is_available, code, slug, is_halal, is_vegan, piece_count, is_discountable) VALUES ('9e199414-bb2f-4aed-ac7f-a6423a2d7092', CURRENT_TIMESTAMP, CURRENT_TIMESTAMP, '9e1992c3-2e26-4082-8219-06ca8da5d66f', 17.90, true, true, NULL, 'menu-m1', false, false, NULL, true);
INSERT INTO products (id, created_at, updated_at, category_id, price, is_visible, is_available, code, slug, is_halal, is_vegan, piece_count, is_discountable) VALUES ('9e199541-bf2d-4a74-aaab-68113002a821', CURRENT_TIMESTAMP, CURRENT_TIMESTAMP, '9e1992c3-b51e-4b9d-845c-ec88b640977a', 15.80, true, true, NULL, 'menu-bento-box-bento-vegetarien', false, false, NULL, true);
INSERT INTO products (id, created_at, updated_at, category_id, price, is_visible, is_available, code, slug, is_halal, is_vegan, piece_count, is_discountable) VALUES ('9e199541-1a4c-4079-8ab3-ca5dbdf83d69', CURRENT_TIMESTAMP, CURRENT_TIMESTAMP, '9e1992c3-b51e-4b9d-845c-ec88b640977a', 18.80, true, true, NULL, 'menu-bento-box-bento-box-2', false, false, NULL, true);
INSERT INTO products (id, created_at, updated_at, category_id, price, is_visible, is_available, code, slug, is_halal, is_vegan, piece_count, is_discountable) VALUES ('9e199541-6bd3-493a-a591-a52906cad62f', CURRENT_TIMESTAMP, CURRENT_TIMESTAMP, '9e1992c3-b51e-4b9d-845c-ec88b640977a', 18.80, true, true, NULL, 'menu-bento-box-bento-royal', false, false, NULL, true);
INSERT INTO products (id, created_at, updated_at, category_id, price, is_visible, is_available, code, slug, is_halal, is_vegan, piece_count, is_discountable) VALUES ('9e199540-c809-4e79-b68e-8eedb472fcbb', CURRENT_TIMESTAMP, CURRENT_TIMESTAMP, '9e1992c3-b51e-4b9d-845c-ec88b640977a', 17.80, true, true, NULL, 'menu-bento-box-bento-box-1', false, false, NULL, true);
INSERT INTO products (id, created_at, updated_at, category_id, price, is_visible, is_available, code, slug, is_halal, is_vegan, piece_count, is_discountable) VALUES ('9e19953a-26ae-4cae-b821-56e909229ba0', CURRENT_TIMESTAMP, CURRENT_TIMESTAMP, '9e1992c4-37c7-493e-b69a-0b71cc7af146', 2.00, true, true, 'A1', 'sushi-saumon', false, false, 1, true);
INSERT INTO products (id, created_at, updated_at, category_id, price, is_visible, is_available, code, slug, is_halal, is_vegan, piece_count, is_discountable) VALUES ('9e19953d-11e6-4aa0-aa7c-a3b3db582322', CURRENT_TIMESTAMP, CURRENT_TIMESTAMP, '9e1992c4-37c7-493e-b69a-0b71cc7af146', 1.80, true, true, 'A10', 'sushi-avocat', false, false, 1, true);
INSERT INTO products (id, created_at, updated_at, category_id, price, is_visible, is_available, code, slug, is_halal, is_vegan, piece_count, is_discountable) VALUES ('9e19953d-6410-4614-af9a-d92da8882d84', CURRENT_TIMESTAMP, CURRENT_TIMESTAMP, '9e1992c4-37c7-493e-b69a-0b71cc7af146', 2.60, true, true, 'A11', 'sushi-anguille', false, false, 1, true);
INSERT INTO products (id, created_at, updated_at, category_id, price, is_visible, is_available, code, slug, is_halal, is_vegan, piece_count, is_discountable) VALUES ('9e19953d-ae9a-4a9c-a9af-9a4ae65c6495', CURRENT_TIMESTAMP, CURRENT_TIMESTAMP, '9e1992c4-37c7-493e-b69a-0b71cc7af146', 2.30, true, true, 'A12', 'sushi-saumon-mi-cuit', false, false, 1, true);
INSERT INTO products (id, created_at, updated_at, category_id, price, is_visible, is_available, code, slug, is_halal, is_vegan, piece_count, is_discountable) VALUES ('9e19953d-fd68-4bf8-8348-c8f5804b8275', CURRENT_TIMESTAMP, CURRENT_TIMESTAMP, '9e1992c4-37c7-493e-b69a-0b71cc7af146', 2.60, true, true, 'A13', 'sushi-thon-mi-cuit', false, false, 1, true);
INSERT INTO products (id, created_at, updated_at, category_id, price, is_visible, is_available, code, slug, is_halal, is_vegan, piece_count, is_discountable) VALUES ('9e19953e-4f46-4684-b6fd-7c56cf9137d1', CURRENT_TIMESTAMP, CURRENT_TIMESTAMP, '9e1992c4-37c7-493e-b69a-0b71cc7af146', 3.60, true, true, 'A14', 'sushi-saint-jacques-mi-cuit', false, false, 1, true);
INSERT INTO products (id, created_at, updated_at, category_id, price, is_visible, is_available, code, slug, is_halal, is_vegan, piece_count, is_discountable) VALUES ('9e19953e-a0fd-45b2-8144-0ad2988d7f5b', CURRENT_TIMESTAMP, CURRENT_TIMESTAMP, '9e1992c4-37c7-493e-b69a-0b71cc7af146', 2.00, true, true, 'A15', 'sushi-tofu', false, false, 1, true);
INSERT INTO products (id, created_at, updated_at, category_id, price, is_visible, is_available, code, slug, is_halal, is_vegan, piece_count, is_discountable) VALUES ('9e19953e-ee69-40ed-b6e5-ce2cf24346a1', CURRENT_TIMESTAMP, CURRENT_TIMESTAMP, '9e1992c4-37c7-493e-b69a-0b71cc7af146', 2.30, true, true, 'A16', 'sushi-saumon-cheese', false, false, 1, true);
INSERT INTO products (id, created_at, updated_at, category_id, price, is_visible, is_available, code, slug, is_halal, is_vegan, piece_count, is_discountable) VALUES ('9e19953f-435f-4b70-8d1d-abe969d1bf80', CURRENT_TIMESTAMP, CURRENT_TIMESTAMP, '9e1992c4-37c7-493e-b69a-0b71cc7af146', 3.50, true, true, 'A17', 'sushi-foie-gras', false, false, 1, true);
INSERT INTO products (id, created_at, updated_at, category_id, price, is_visible, is_available, code, slug, is_halal, is_vegan, piece_count, is_discountable) VALUES ('9e19953f-9a2c-416a-bd9d-0b707095ccc6', CURRENT_TIMESTAMP, CURRENT_TIMESTAMP, '9e1992c4-37c7-493e-b69a-0b71cc7af146', 2.80, true, true, 'A18', 'sushi-maquereau-grille', false, false, 1, true);
INSERT INTO products (id, created_at, updated_at, category_id, price, is_visible, is_available, code, slug, is_halal, is_vegan, piece_count, is_discountable) VALUES ('9e19953f-ebe2-4928-aa6b-46e02548658a', CURRENT_TIMESTAMP, CURRENT_TIMESTAMP, '9e1992c4-37c7-493e-b69a-0b71cc7af146', 2.50, true, true, 'A19', 'sushi-saumon-cuit-caramelise', false, false, 1, true);
INSERT INTO products (id, created_at, updated_at, category_id, price, is_visible, is_available, code, slug, is_halal, is_vegan, piece_count, is_discountable) VALUES ('9e19953a-7a7c-45a6-90ef-7c5255517248', CURRENT_TIMESTAMP, CURRENT_TIMESTAMP, '9e1992c4-37c7-493e-b69a-0b71cc7af146', 1.90, true, true, 'A2', 'sushi-crevette', false, false, 1, true);
INSERT INTO products (id, created_at, updated_at, category_id, price, is_visible, is_available, code, slug, is_halal, is_vegan, piece_count, is_discountable) VALUES ('9e199540-3e2e-4c99-99ca-782a32ff6964', CURRENT_TIMESTAMP, CURRENT_TIMESTAMP, '9e1992c4-37c7-493e-b69a-0b71cc7af146', 2.50, true, true, 'A20', 'sushi-saumon-avocat', false, false, 1, true);
INSERT INTO products (id, created_at, updated_at, category_id, price, is_visible, is_available, code, slug, is_halal, is_vegan, piece_count, is_discountable) VALUES ('9e19953a-cac5-45d2-8f48-005cf97615b3', CURRENT_TIMESTAMP, CURRENT_TIMESTAMP, '9e1992c4-37c7-493e-b69a-0b71cc7af146', 2.20, true, true, 'A3', 'sushi-thon', false, false, 1, true);
INSERT INTO products (id, created_at, updated_at, category_id, price, is_visible, is_available, code, slug, is_halal, is_vegan, piece_count, is_discountable) VALUES ('9e19953b-1ee4-4f6c-b6ac-33a90c7d7e16', CURRENT_TIMESTAMP, CURRENT_TIMESTAMP, '9e1992c4-37c7-493e-b69a-0b71cc7af146', 2.00, true, true, 'A4', 'sushi-dorade', false, false, 1, true);
INSERT INTO products (id, created_at, updated_at, category_id, price, is_visible, is_available, code, slug, is_halal, is_vegan, piece_count, is_discountable) VALUES ('9e19953b-6fb1-4517-bb50-7ed4af3450c2', CURRENT_TIMESTAMP, CURRENT_TIMESTAMP, '9e1992c4-37c7-493e-b69a-0b71cc7af146', 1.80, true, true, 'A5', 'sushi-omelette', false, false, 1, true);
INSERT INTO products (id, created_at, updated_at, category_id, price, is_visible, is_available, code, slug, is_halal, is_vegan, piece_count, is_discountable) VALUES ('9e19953b-c669-4ddd-97c0-18c3aa6d4377', CURRENT_TIMESTAMP, CURRENT_TIMESTAMP, '9e1992c4-37c7-493e-b69a-0b71cc7af146', 2.00, true, true, 'A6', 'sushi-octopus', false, false, 1, true);
INSERT INTO products (id, created_at, updated_at, category_id, price, is_visible, is_available, code, slug, is_halal, is_vegan, piece_count, is_discountable) VALUES ('9e19953c-186e-4c8a-8b97-ea2c5675877c', CURRENT_TIMESTAMP, CURRENT_TIMESTAMP, '9e1992c4-37c7-493e-b69a-0b71cc7af146', 2.50, true, true, 'A7', 'sushi-dorade-grillee', false, false, 1, true);
INSERT INTO products (id, created_at, updated_at, category_id, price, is_visible, is_available, code, slug, is_halal, is_vegan, piece_count, is_discountable) VALUES ('9e19953c-694e-4599-b7d0-bc57796aaa0a', CURRENT_TIMESTAMP, CURRENT_TIMESTAMP, '9e1992c4-37c7-493e-b69a-0b71cc7af146', 2.00, true, true, 'A8', 'sushi-maquereau', false, false, 1, true);
INSERT INTO products (id, created_at, updated_at, category_id, price, is_visible, is_available, code, slug, is_halal, is_vegan, piece_count, is_discountable) VALUES ('9e19953c-bdfc-4db9-b67c-b505d6fe7095', CURRENT_TIMESTAMP, CURRENT_TIMESTAMP, '9e1992c4-37c7-493e-b69a-0b71cc7af146', 1.80, true, true, 'A9', 'sushi-surimi', false, false, 1, true);
INSERT INTO products (id, created_at, updated_at, category_id, price, is_visible, is_available, code, slug, is_halal, is_vegan, piece_count, is_discountable) VALUES ('9e199542-4da7-4f4f-9ad9-6b5550b78fa5', CURRENT_TIMESTAMP, CURRENT_TIMESTAMP, '9e1992c4-be65-4adf-8e18-6035219974ee', 4.20, true, true, 'B1', 'maki-concombre-sesame', false, false, 6, true);
INSERT INTO products (id, created_at, updated_at, category_id, price, is_visible, is_available, code, slug, is_halal, is_vegan, piece_count, is_discountable) VALUES ('9e199545-302f-4c29-ab37-6ef6906c56bd', CURRENT_TIMESTAMP, CURRENT_TIMESTAMP, '9e1992c4-be65-4adf-8e18-6035219974ee', 5.50, true, true, 'B10', 'maki-tempura-crevette', false, false, 6, true);
INSERT INTO products (id, created_at, updated_at, category_id, price, is_visible, is_available, code, slug, is_halal, is_vegan, piece_count, is_discountable) VALUES ('9e199545-876e-42cb-b55e-274726fec030', CURRENT_TIMESTAMP, CURRENT_TIMESTAMP, '9e1992c4-be65-4adf-8e18-6035219974ee', 4.80, true, true, 'B11', 'maki-saumon-spicy', false, false, 6, true);
INSERT INTO products (id, created_at, updated_at, category_id, price, is_visible, is_available, code, slug, is_halal, is_vegan, piece_count, is_discountable) VALUES ('9e199545-d3fc-4cc7-a18c-c869aa9d8ff3', CURRENT_TIMESTAMP, CURRENT_TIMESTAMP, '9e1992c4-be65-4adf-8e18-6035219974ee', 5.50, true, true, 'B12', 'maki-dorade-mangue', false, false, 6, true);
INSERT INTO products (id, created_at, updated_at, category_id, price, is_visible, is_available, code, slug, is_halal, is_vegan, piece_count, is_discountable) VALUES ('9e199546-2615-48ae-8c4d-64d0018de6c3', CURRENT_TIMESTAMP, CURRENT_TIMESTAMP, '9e1992c4-be65-4adf-8e18-6035219974ee', 5.00, true, true, 'B13', 'maki-thon-cuit-spicy', false, false, 6, true);
INSERT INTO products (id, created_at, updated_at, category_id, price, is_visible, is_available, code, slug, is_halal, is_vegan, piece_count, is_discountable) VALUES ('9e199546-7b48-478e-8912-d78112d76a06', CURRENT_TIMESTAMP, CURRENT_TIMESTAMP, '9e1992c4-be65-4adf-8e18-6035219974ee', 6.00, true, true, 'B14', 'maki-tartare-thon-ciboulette', false, false, 6, true);
INSERT INTO products (id, created_at, updated_at, category_id, price, is_visible, is_available, code, slug, is_halal, is_vegan, piece_count, is_discountable) VALUES ('9e199546-ccd5-4b08-9c6f-18dfd5a162a3', CURRENT_TIMESTAMP, CURRENT_TIMESTAMP, '9e1992c4-be65-4adf-8e18-6035219974ee', 5.00, true, true, 'B15', 'maki-mangue', false, false, 6, true);
INSERT INTO products (id, created_at, updated_at, category_id, price, is_visible, is_available, code, slug, is_halal, is_vegan, piece_count, is_discountable) VALUES ('9e199547-1bd1-4f2f-a5df-6bc65c9bdab2', CURRENT_TIMESTAMP, CURRENT_TIMESTAMP, '9e1992c4-be65-4adf-8e18-6035219974ee', 5.00, true, true, 'B16', 'maki-ciboulette-cheese', false, false, 6, true);
INSERT INTO products (id, created_at, updated_at, category_id, price, is_visible, is_available, code, slug, is_halal, is_vegan, piece_count, is_discountable) VALUES ('9e199547-6bf3-4dee-b243-6da4a09356e8', CURRENT_TIMESTAMP, CURRENT_TIMESTAMP, '9e1992c4-be65-4adf-8e18-6035219974ee', 7.50, true, true, 'B17', 'maki-foie-gras', false, false, 6, true);
INSERT INTO products (id, created_at, updated_at, category_id, price, is_visible, is_available, code, slug, is_halal, is_vegan, piece_count, is_discountable) VALUES ('9e199547-bca6-4818-93b7-4920efed878d', CURRENT_TIMESTAMP, CURRENT_TIMESTAMP, '9e1992c4-be65-4adf-8e18-6035219974ee', 6.00, true, true, 'B19', 'maki-saumon-roll-cheese', false, false, 6, true);
INSERT INTO products (id, created_at, updated_at, category_id, price, is_visible, is_available, code, slug, is_halal, is_vegan, piece_count, is_discountable) VALUES ('9e199542-a275-45e8-82c3-9282215ec5ca', CURRENT_TIMESTAMP, CURRENT_TIMESTAMP, '9e1992c4-be65-4adf-8e18-6035219974ee', 4.20, true, true, 'B2', 'maki-avocat', false, false, 6, true);
INSERT INTO products (id, created_at, updated_at, category_id, price, is_visible, is_available, code, slug, is_halal, is_vegan, piece_count, is_discountable) VALUES ('9e199542-f4be-4380-bb0c-16516bcc8378', CURRENT_TIMESTAMP, CURRENT_TIMESTAMP, '9e1992c4-be65-4adf-8e18-6035219974ee', 4.30, true, true, 'B3', 'maki-surimi', false, false, 6, true);
INSERT INTO products (id, created_at, updated_at, category_id, price, is_visible, is_available, code, slug, is_halal, is_vegan, piece_count, is_discountable) VALUES ('9e199543-4570-4d37-9714-5e045377a450', CURRENT_TIMESTAMP, CURRENT_TIMESTAMP, '9e1992c4-be65-4adf-8e18-6035219974ee', 4.20, true, true, 'B4', 'maki-radis-japonais', false, false, 6, true);
INSERT INTO products (id, created_at, updated_at, category_id, price, is_visible, is_available, code, slug, is_halal, is_vegan, piece_count, is_discountable) VALUES ('9e199543-9676-4015-ba2e-76376a789588', CURRENT_TIMESTAMP, CURRENT_TIMESTAMP, '9e1992c4-be65-4adf-8e18-6035219974ee', 4.50, true, true, 'B5', 'maki-cheese-concombre', false, false, 6, true);
INSERT INTO products (id, created_at, updated_at, category_id, price, is_visible, is_available, code, slug, is_halal, is_vegan, piece_count, is_discountable) VALUES ('9e199543-e7df-462d-85d8-b1709b3ec46d', CURRENT_TIMESTAMP, CURRENT_TIMESTAMP, '9e1992c4-be65-4adf-8e18-6035219974ee', 4.80, true, true, 'B6', 'maki-cheese-avocat', false, false, 6, true);
INSERT INTO products (id, created_at, updated_at, category_id, price, is_visible, is_available, code, slug, is_halal, is_vegan, piece_count, is_discountable) VALUES ('9e199544-3dba-4630-8de1-85f3084b368f', CURRENT_TIMESTAMP, CURRENT_TIMESTAMP, '9e1992c4-be65-4adf-8e18-6035219974ee', 5.60, true, true, 'B7', 'maki-anguille', false, false, 6, true);
INSERT INTO products (id, created_at, updated_at, category_id, price, is_visible, is_available, code, slug, is_halal, is_vegan, piece_count, is_discountable) VALUES ('9e199544-8c16-4c76-8a9d-44252a31237d', CURRENT_TIMESTAMP, CURRENT_TIMESTAMP, '9e1992c4-be65-4adf-8e18-6035219974ee', 4.70, true, true, 'B8', 'maki-saumon', false, false, 6, true);
INSERT INTO products (id, created_at, updated_at, category_id, price, is_visible, is_available, code, slug, is_halal, is_vegan, piece_count, is_discountable) VALUES ('9e199544-e19c-4f9e-8bdb-51678a565bf3', CURRENT_TIMESTAMP, CURRENT_TIMESTAMP, '9e1992c4-be65-4adf-8e18-6035219974ee', 5.20, true, true, 'B9', 'maki-thon', false, false, 6, true);
INSERT INTO products (id, created_at, updated_at, category_id, price, is_visible, is_available, code, slug, is_halal, is_vegan, piece_count, is_discountable) VALUES ('9e199549-3f08-41b0-8eb6-1608c39462b9', CURRENT_TIMESTAMP, CURRENT_TIMESTAMP, '9e1992c5-4002-4797-ba9d-feb545add16e', 2.80, true, true, 'C1', 'gunkan-oeufs-de-saumon', false, false, 1, true);
INSERT INTO products (id, created_at, updated_at, category_id, price, is_visible, is_available, code, slug, is_halal, is_vegan, piece_count, is_discountable) VALUES ('9e199549-8d3a-42f8-805b-2aa1b7d41c3d', CURRENT_TIMESTAMP, CURRENT_TIMESTAMP, '9e1992c5-4002-4797-ba9d-feb545add16e', 2.40, true, true, 'C2', 'gunkan-oeufs-de-poisson', false, false, 1, true);
INSERT INTO products (id, created_at, updated_at, category_id, price, is_visible, is_available, code, slug, is_halal, is_vegan, piece_count, is_discountable) VALUES ('9e199549-e0f2-4f29-9488-ab0d7cc3a2c5', CURRENT_TIMESTAMP, CURRENT_TIMESTAMP, '9e1992c5-4002-4797-ba9d-feb545add16e', 2.60, true, true, 'C3', 'gunkan-tartare-thon-ciboulette', false, false, 1, true);
INSERT INTO products (id, created_at, updated_at, category_id, price, is_visible, is_available, code, slug, is_halal, is_vegan, piece_count, is_discountable) VALUES ('9e19954a-31b2-48da-ba57-7c02b8b14001', CURRENT_TIMESTAMP, CURRENT_TIMESTAMP, '9e1992c5-4002-4797-ba9d-feb545add16e', 2.40, true, true, 'C4', 'gunkan-dorade-mangue', false, false, 1, true);
INSERT INTO products (id, created_at, updated_at, category_id, price, is_visible, is_available, code, slug, is_halal, is_vegan, piece_count, is_discountable) VALUES ('9e19954a-83ea-4b1c-84ff-1856b024102c', CURRENT_TIMESTAMP, CURRENT_TIMESTAMP, '9e1992c5-4002-4797-ba9d-feb545add16e', 2.30, true, true, 'C5', 'gunkan-tartare-saumon-cheese', false, false, 1, true);
INSERT INTO products (id, created_at, updated_at, category_id, price, is_visible, is_available, code, slug, is_halal, is_vegan, piece_count, is_discountable) VALUES ('9e199548-4254-4874-a63f-07eea06d0310', CURRENT_TIMESTAMP, CURRENT_TIMESTAMP, '9e1992c5-4002-4797-ba9d-feb545add16e', 2.30, true, true, 'T1', 'gunkan-saumon-avocat', false, false, 1, true);
INSERT INTO products (id, created_at, updated_at, category_id, price, is_visible, is_available, code, slug, is_halal, is_vegan, piece_count, is_discountable) VALUES ('9e199548-9a1d-481a-8d02-17ea3723a739', CURRENT_TIMESTAMP, CURRENT_TIMESTAMP, '9e1992c5-4002-4797-ba9d-feb545add16e', 2.60, true, true, 'T2', 'gunkan-thon-avocat', false, false, 1, true);
INSERT INTO products (id, created_at, updated_at, category_id, price, is_visible, is_available, code, slug, is_halal, is_vegan, piece_count, is_discountable) VALUES ('9e199548-ee6a-4df9-bd07-c944c24d72a6', CURRENT_TIMESTAMP, CURRENT_TIMESTAMP, '9e1992c5-4002-4797-ba9d-feb545add16e', 2.00, true, true, 'T3', 'gunkan-avocat-cheese', false, false, 1, true);
INSERT INTO products (id, created_at, updated_at, category_id, price, is_visible, is_available, code, slug, is_halal, is_vegan, piece_count, is_discountable) VALUES ('9e19954b-0cd5-406a-8df7-4aadd4a5720f', CURRENT_TIMESTAMP, CURRENT_TIMESTAMP, '9e1992c5-bf91-406b-88a7-61dc600d3990', 5.90, true, true, 'D1', 'spring-roll-saumon-avocat', false, false, 6, true);
INSERT INTO products (id, created_at, updated_at, category_id, price, is_visible, is_available, code, slug, is_halal, is_vegan, piece_count, is_discountable) VALUES ('9e19954b-5c42-4bfa-ab76-3528a2e4d566', CURRENT_TIMESTAMP, CURRENT_TIMESTAMP, '9e1992c5-bf91-406b-88a7-61dc600d3990', 6.30, true, true, 'D2', 'spring-roll-thon-avocat', false, false, 6, true);
INSERT INTO products (id, created_at, updated_at, category_id, price, is_visible, is_available, code, slug, is_halal, is_vegan, piece_count, is_discountable) VALUES ('9e19954b-aa27-4fc2-8fc4-45b190cd0070', CURRENT_TIMESTAMP, CURRENT_TIMESTAMP, '9e1992c5-bf91-406b-88a7-61dc600d3990', 7.20, true, true, 'D3', 'spring-roll-saumon-fume-cheese-ciboulette', false, false, 6, true);
INSERT INTO products (id, created_at, updated_at, category_id, price, is_visible, is_available, code, slug, is_halal, is_vegan, piece_count, is_discountable) VALUES ('9e19954b-fbc0-42b4-afac-6298a37bdd0e', CURRENT_TIMESTAMP, CURRENT_TIMESTAMP, '9e1992c5-bf91-406b-88a7-61dc600d3990', 6.50, true, true, 'D4', 'spring-roll-poulet-pane-mayonnaise', false, false, 6, true);
INSERT INTO products (id, created_at, updated_at, category_id, price, is_visible, is_available, code, slug, is_halal, is_vegan, piece_count, is_discountable) VALUES ('9e19954c-4815-4903-a06b-27ccda8191d1', CURRENT_TIMESTAMP, CURRENT_TIMESTAMP, '9e1992c5-bf91-406b-88a7-61dc600d3990', 6.00, true, true, 'D5', 'spring-roll-saumon-mangue', false, false, 6, true);
INSERT INTO products (id, created_at, updated_at, category_id, price, is_visible, is_available, code, slug, is_halal, is_vegan, piece_count, is_discountable) VALUES ('9e19954c-9b59-40a1-97ea-4eb96998ead6', CURRENT_TIMESTAMP, CURRENT_TIMESTAMP, '9e1992c5-bf91-406b-88a7-61dc600d3990', 6.90, true, true, 'D6', 'spring-roll-tempura-crevette-oignons-frits', false, false, 6, true);
INSERT INTO products (id, created_at, updated_at, category_id, price, is_visible, is_available, code, slug, is_halal, is_vegan, piece_count, is_discountable) VALUES ('9e19954c-eca8-4b7c-a5e6-84de5114e914', CURRENT_TIMESTAMP, CURRENT_TIMESTAMP, '9e1992c5-bf91-406b-88a7-61dc600d3990', 7.20, true, true, 'D7', 'spring-roll-poulet-mangue-menthe', false, false, 6, true);
INSERT INTO products (id, created_at, updated_at, category_id, price, is_visible, is_available, code, slug, is_halal, is_vegan, piece_count, is_discountable) VALUES ('9e19954d-3d56-45df-8bf2-699c1399250f', CURRENT_TIMESTAMP, CURRENT_TIMESTAMP, '9e1992c5-bf91-406b-88a7-61dc600d3990', 9.20, true, true, 'D8', 'spring-roll-foie-gras-mangue', false, false, 6, true);
INSERT INTO products (id, created_at, updated_at, category_id, price, is_visible, is_available, code, slug, is_halal, is_vegan, piece_count, is_discountable) VALUES ('9e19954d-8b68-4c92-b67b-16d67ee6c443', CURRENT_TIMESTAMP, CURRENT_TIMESTAMP, '9e1992c5-bf91-406b-88a7-61dc600d3990', 5.90, true, true, 'D9', 'spring-roll-saumon-cheese', false, false, 6, true);
INSERT INTO products (id, created_at, updated_at, category_id, price, is_visible, is_available, code, slug, is_halal, is_vegan, piece_count, is_discountable) VALUES ('9e19954e-0e67-4aa0-aa09-b3d8a5bf328f', CURRENT_TIMESTAMP, CURRENT_TIMESTAMP, '9e1992c6-4378-48cd-be59-aa585d9f90fc', 5.60, true, true, 'E1', 'california-roll-saumon-avocat', false, false, 6, true);
INSERT INTO products (id, created_at, updated_at, category_id, price, is_visible, is_available, code, slug, is_halal, is_vegan, piece_count, is_discountable) VALUES ('9e199550-f18d-4884-a34f-5fb66f606158', CURRENT_TIMESTAMP, CURRENT_TIMESTAMP, '9e1992c6-4378-48cd-be59-aa585d9f90fc', 5.20, true, true, 'E10', 'california-roll-vegetarien', false, false, 6, true);
INSERT INTO products (id, created_at, updated_at, category_id, price, is_visible, is_available, code, slug, is_halal, is_vegan, piece_count, is_discountable) VALUES ('9e199551-4365-4c3e-9b75-085d1ffe150f', CURRENT_TIMESTAMP, CURRENT_TIMESTAMP, '9e1992c6-4378-48cd-be59-aa585d9f90fc', 5.80, true, true, 'E16', 'california-roll-saumon-cheese', false, false, 6, true);
INSERT INTO products (id, created_at, updated_at, category_id, price, is_visible, is_available, code, slug, is_halal, is_vegan, piece_count, is_discountable) VALUES ('9e199551-963f-4be1-a353-1651aab9fd99', CURRENT_TIMESTAMP, CURRENT_TIMESTAMP, '9e1992c6-4378-48cd-be59-aa585d9f90fc', 7.10, true, true, 'E17', 'california-roll-poulet-frit-roquette-miel', false, false, 6, true);
INSERT INTO products (id, created_at, updated_at, category_id, price, is_visible, is_available, code, slug, is_halal, is_vegan, piece_count, is_discountable) VALUES ('9e199551-e3fd-4d37-8d70-3ecdc8982c51', CURRENT_TIMESTAMP, CURRENT_TIMESTAMP, '9e1992c6-4378-48cd-be59-aa585d9f90fc', 9.80, true, true, 'E18', 'california-roll-oignons-frits-foie-gras-miel', false, false, 6, true);
INSERT INTO products (id, created_at, updated_at, category_id, price, is_visible, is_available, code, slug, is_halal, is_vegan, piece_count, is_discountable) VALUES ('9e199552-35b8-4c4c-8c58-07b73e3026a8', CURRENT_TIMESTAMP, CURRENT_TIMESTAMP, '9e1992c6-4378-48cd-be59-aa585d9f90fc', 7.80, true, true, 'E19', 'california-roll-tempura-crevette-coriandre-piquant', false, false, 6, true);
INSERT INTO products (id, created_at, updated_at, category_id, price, is_visible, is_available, code, slug, is_halal, is_vegan, piece_count, is_discountable) VALUES ('9e19954e-6003-4a49-b2af-df6fede19123', CURRENT_TIMESTAMP, CURRENT_TIMESTAMP, '9e1992c6-4378-48cd-be59-aa585d9f90fc', 6.20, true, true, 'E2', 'california-roll-thon-avocat', false, false, 6, true);
INSERT INTO products (id, created_at, updated_at, category_id, price, is_visible, is_available, code, slug, is_halal, is_vegan, piece_count, is_discountable) VALUES ('9e199552-84ae-4d78-aaf5-51ffad68ca0f', CURRENT_TIMESTAMP, CURRENT_TIMESTAMP, '9e1992c6-4378-48cd-be59-aa585d9f90fc', 7.80, true, true, 'E20', 'california-roll-tempura-crevette-avocat-cheese-fraise', false, false, 6, true);
INSERT INTO products (id, created_at, updated_at, category_id, price, is_visible, is_available, code, slug, is_halal, is_vegan, piece_count, is_discountable) VALUES ('9e199552-d88d-4cd7-96c4-b749e4dec863', CURRENT_TIMESTAMP, CURRENT_TIMESTAMP, '9e1992c6-4378-48cd-be59-aa585d9f90fc', 7.80, true, true, 'E21', 'california-roll-poulet-piquant', false, false, 6, true);
INSERT INTO products (id, created_at, updated_at, category_id, price, is_visible, is_available, code, slug, is_halal, is_vegan, piece_count, is_discountable) VALUES ('9e19954e-ae99-4c38-804d-2858a0532b38', CURRENT_TIMESTAMP, CURRENT_TIMESTAMP, '9e1992c6-4378-48cd-be59-aa585d9f90fc', 6.00, true, true, 'E3', 'california-roll-surimi-avocat', false, false, 6, true);
INSERT INTO products (id, created_at, updated_at, category_id, price, is_visible, is_available, code, slug, is_halal, is_vegan, piece_count, is_discountable) VALUES ('9e19954f-0438-40e9-9ee8-52daa8568bf1', CURRENT_TIMESTAMP, CURRENT_TIMESTAMP, '9e1992c6-4378-48cd-be59-aa585d9f90fc', 6.00, true, true, 'E4', 'california-roll-tempura-crevette-avocat', false, false, 6, true);
INSERT INTO products (id, created_at, updated_at, category_id, price, is_visible, is_available, code, slug, is_halal, is_vegan, piece_count, is_discountable) VALUES ('9e19954f-5351-413e-a71c-0128e7554272', CURRENT_TIMESTAMP, CURRENT_TIMESTAMP, '9e1992c6-4378-48cd-be59-aa585d9f90fc', 6.00, true, true, 'E5', 'california-roll-tempura-crevette-cheese', false, false, 6, true);
INSERT INTO products (id, created_at, updated_at, category_id, price, is_visible, is_available, code, slug, is_halal, is_vegan, piece_count, is_discountable) VALUES ('9e19954f-a670-4161-abe5-decd4cb3e3bd', CURRENT_TIMESTAMP, CURRENT_TIMESTAMP, '9e1992c6-4378-48cd-be59-aa585d9f90fc', 5.80, true, true, 'E6', 'california-roll-saumon-mangue', false, false, 6, true);
INSERT INTO products (id, created_at, updated_at, category_id, price, is_visible, is_available, code, slug, is_halal, is_vegan, piece_count, is_discountable) VALUES ('9e19954f-fa9d-4d22-8e30-526f7dd2c856', CURRENT_TIMESTAMP, CURRENT_TIMESTAMP, '9e1992c6-4378-48cd-be59-aa585d9f90fc', 6.10, true, true, 'E7', 'california-roll-crevette-avocat-cheese', false, false, 6, true);
INSERT INTO products (id, created_at, updated_at, category_id, price, is_visible, is_available, code, slug, is_halal, is_vegan, piece_count, is_discountable) VALUES ('9e199550-4d83-4e01-9f7a-da093c44d84e', CURRENT_TIMESTAMP, CURRENT_TIMESTAMP, '9e1992c6-4378-48cd-be59-aa585d9f90fc', 7.00, true, true, 'E8', 'california-roll-oignons-frits-poulet', false, false, 6, true);
INSERT INTO products (id, created_at, updated_at, category_id, price, is_visible, is_available, code, slug, is_halal, is_vegan, piece_count, is_discountable) VALUES ('9e199550-9fab-4954-aa41-0e7e5ce9bbe8', CURRENT_TIMESTAMP, CURRENT_TIMESTAMP, '9e1992c6-4378-48cd-be59-aa585d9f90fc', 5.70, true, true, 'E9', 'california-roll-thon-cuit-pomme-spicy', false, false, 6, true);
INSERT INTO products (id, created_at, updated_at, category_id, price, is_visible, is_available, code, slug, is_halal, is_vegan, piece_count, is_discountable) VALUES ('9e199553-61e0-4ffa-ae12-76b6325659de', CURRENT_TIMESTAMP, CURRENT_TIMESTAMP, '9e1992c6-c71c-4a29-9457-2c0eaecab8c8', 4.50, true, true, 'F1', 'temaki-saumon-avocat-concombre', false, false, 1, true);
INSERT INTO products (id, created_at, updated_at, category_id, price, is_visible, is_available, code, slug, is_halal, is_vegan, piece_count, is_discountable) VALUES ('9e199553-b1d0-4cc7-bf23-98d1f26efd31', CURRENT_TIMESTAMP, CURRENT_TIMESTAMP, '9e1992c6-c71c-4a29-9457-2c0eaecab8c8', 4.90, true, true, 'F2', 'temaki-thon-avocat-concombre', false, false, 1, true);
INSERT INTO products (id, created_at, updated_at, category_id, price, is_visible, is_available, code, slug, is_halal, is_vegan, piece_count, is_discountable) VALUES ('9e199554-0ca6-48b8-9f9a-51f853b27f8b', CURRENT_TIMESTAMP, CURRENT_TIMESTAMP, '9e1992c6-c71c-4a29-9457-2c0eaecab8c8', 4.80, true, true, 'F3', 'temaki-tempura-crevette-avocat-concombre', false, false, 1, true);
INSERT INTO products (id, created_at, updated_at, category_id, price, is_visible, is_available, code, slug, is_halal, is_vegan, piece_count, is_discountable) VALUES ('9e199554-665f-497b-a927-271baef8e944', CURRENT_TIMESTAMP, CURRENT_TIMESTAMP, '9e1992c6-c71c-4a29-9457-2c0eaecab8c8', 6.00, true, true, 'F4', 'temaki-oeufs-de-saumon-avocat-concombre', false, false, 1, true);
INSERT INTO products (id, created_at, updated_at, category_id, price, is_visible, is_available, code, slug, is_halal, is_vegan, piece_count, is_discountable) VALUES ('9e199554-eef6-497c-bbad-8ef862288432', CURRENT_TIMESTAMP, CURRENT_TIMESTAMP, '9e1992c7-47c9-44f5-8065-389f83ee6f6a', 6.00, true, true, 'E11', 'masago-roll-saumon-avocat', false, false, 6, true);
INSERT INTO products (id, created_at, updated_at, category_id, price, is_visible, is_available, code, slug, is_halal, is_vegan, piece_count, is_discountable) VALUES ('9e199555-4093-41ff-9abc-af7380168b0f', CURRENT_TIMESTAMP, CURRENT_TIMESTAMP, '9e1992c7-47c9-44f5-8065-389f83ee6f6a', 6.50, true, true, 'E12', 'masago-roll-thon-mangue', false, false, 6, true);
INSERT INTO products (id, created_at, updated_at, category_id, price, is_visible, is_available, code, slug, is_halal, is_vegan, piece_count, is_discountable) VALUES ('9e199555-901a-410f-a16f-fe27d272a49f', CURRENT_TIMESTAMP, CURRENT_TIMESTAMP, '9e1992c7-47c9-44f5-8065-389f83ee6f6a', 6.00, true, true, 'E13', 'masago-roll-tempura-crevette', false, false, 6, true);
INSERT INTO products (id, created_at, updated_at, category_id, price, is_visible, is_available, code, slug, is_halal, is_vegan, piece_count, is_discountable) VALUES ('9e199556-12bb-430e-83ff-98d256922b79', CURRENT_TIMESTAMP, CURRENT_TIMESTAMP, '9e1992c7-c630-47b9-9528-a3ebb9ed4f31', 10.00, true, true, 'G1', 'special-roll-saumon-royal', false, false, 10, true);
INSERT INTO products (id, created_at, updated_at, category_id, price, is_visible, is_available, code, slug, is_halal, is_vegan, piece_count, is_discountable) VALUES ('9e199558-f9c9-498c-ac76-03dd05cefec1', CURRENT_TIMESTAMP, CURRENT_TIMESTAMP, '9e1992c7-c630-47b9-9528-a3ebb9ed4f31', 9.80, true, true, 'G10', 'special-roll-chips-rolls', false, false, 10, true);
INSERT INTO products (id, created_at, updated_at, category_id, price, is_visible, is_available, code, slug, is_halal, is_vegan, piece_count, is_discountable) VALUES ('9e199559-4cc3-4a33-8c56-0a6e8a3500de', CURRENT_TIMESTAMP, CURRENT_TIMESTAMP, '9e1992c7-c630-47b9-9528-a3ebb9ed4f31', 12.80, true, true, 'G11', 'special-roll-osaka-rolls', false, false, 10, true);
INSERT INTO products (id, created_at, updated_at, category_id, price, is_visible, is_available, code, slug, is_halal, is_vegan, piece_count, is_discountable) VALUES ('9e199559-9ca4-4bdd-a261-8e254dc80c27', CURRENT_TIMESTAMP, CURRENT_TIMESTAMP, '9e1992c7-c630-47b9-9528-a3ebb9ed4f31', 14.80, true, true, 'G12', 'special-roll-foie-gras-fraise-rolls', false, false, 10, true);
INSERT INTO products (id, created_at, updated_at, category_id, price, is_visible, is_available, code, slug, is_halal, is_vegan, piece_count, is_discountable) VALUES ('9e19955a-42a5-4b10-a8a5-9caff8e2925a', CURRENT_TIMESTAMP, CURRENT_TIMESTAMP, '9e1992c7-c630-47b9-9528-a3ebb9ed4f31', 10.50, true, true, 'G15', 'special-roll-delice-mangue', false, false, 10, true);
INSERT INTO products (id, created_at, updated_at, category_id, price, is_visible, is_available, code, slug, is_halal, is_vegan, piece_count, is_discountable) VALUES ('9e199559-eebb-447b-bb55-53a03ea400cc', CURRENT_TIMESTAMP, CURRENT_TIMESTAMP, '9e1992c7-c630-47b9-9528-a3ebb9ed4f31', 9.80, true, true, 'G18', 'special-roll-spicy-poulet', false, false, 10, true);
INSERT INTO products (id, created_at, updated_at, category_id, price, is_visible, is_available, code, slug, is_halal, is_vegan, piece_count, is_discountable) VALUES ('9e199556-6400-42ae-8a08-eadadf194e71', CURRENT_TIMESTAMP, CURRENT_TIMESTAMP, '9e1992c7-c630-47b9-9528-a3ebb9ed4f31', 10.00, true, true, 'G2', 'special-roll-mangue-rolls', false, false, 10, true);
INSERT INTO products (id, created_at, updated_at, category_id, price, is_visible, is_available, code, slug, is_halal, is_vegan, piece_count, is_discountable) VALUES ('9e199556-b4a2-428a-8be3-6cf9bbd221f2', CURRENT_TIMESTAMP, CURRENT_TIMESTAMP, '9e1992c7-c630-47b9-9528-a3ebb9ed4f31', 10.80, true, true, 'G3', 'special-roll-avocat-rolls', false, false, 10, true);
INSERT INTO products (id, created_at, updated_at, category_id, price, is_visible, is_available, code, slug, is_halal, is_vegan, piece_count, is_discountable) VALUES ('9e199557-0907-4aeb-af30-10f0531527ee', CURRENT_TIMESTAMP, CURRENT_TIMESTAMP, '9e1992c7-c630-47b9-9528-a3ebb9ed4f31', 10.80, true, true, 'G4', 'special-roll-anguille-rolls', false, false, 10, true);
INSERT INTO products (id, created_at, updated_at, category_id, price, is_visible, is_available, code, slug, is_halal, is_vegan, piece_count, is_discountable) VALUES ('9e199557-5b7e-4e8b-8378-5f13f54bc343', CURRENT_TIMESTAMP, CURRENT_TIMESTAMP, '9e1992c7-c630-47b9-9528-a3ebb9ed4f31', 8.00, true, true, 'G5', 'special-roll-oignon-rolls', false, false, 10, true);
INSERT INTO products (id, created_at, updated_at, category_id, price, is_visible, is_available, code, slug, is_halal, is_vegan, piece_count, is_discountable) VALUES ('9e199557-a9d1-43c5-9e10-dd2a5f57bfd5', CURRENT_TIMESTAMP, CURRENT_TIMESTAMP, '9e1992c7-c630-47b9-9528-a3ebb9ed4f31', 9.80, true, true, 'G6', 'special-roll-miel-rolls', false, false, 10, true);
INSERT INTO products (id, created_at, updated_at, category_id, price, is_visible, is_available, code, slug, is_halal, is_vegan, piece_count, is_discountable) VALUES ('9e199557-fb1b-4a08-bdfa-ee618649dbb8', CURRENT_TIMESTAMP, CURRENT_TIMESTAMP, '9e1992c7-c630-47b9-9528-a3ebb9ed4f31', 10.80, true, true, 'G7', 'special-roll-assortiment-rolls', false, false, 10, true);
INSERT INTO products (id, created_at, updated_at, category_id, price, is_visible, is_available, code, slug, is_halal, is_vegan, piece_count, is_discountable) VALUES ('9e199558-526b-4a44-861f-1e89a0f61e4f', CURRENT_TIMESTAMP, CURRENT_TIMESTAMP, '9e1992c7-c630-47b9-9528-a3ebb9ed4f31', 11.80, true, true, 'G8', 'special-roll-spicy-saumon', false, false, 10, true);
INSERT INTO products (id, created_at, updated_at, category_id, price, is_visible, is_available, code, slug, is_halal, is_vegan, piece_count, is_discountable) VALUES ('9e199558-a22d-4cd9-aafc-2decdccb0c0b', CURRENT_TIMESTAMP, CURRENT_TIMESTAMP, '9e1992c7-c630-47b9-9528-a3ebb9ed4f31', 10.80, true, true, 'G9', 'special-roll-crispy-saumon', false, false, 10, true);
INSERT INTO products (id, created_at, updated_at, category_id, price, is_visible, is_available, code, slug, is_halal, is_vegan, piece_count, is_discountable) VALUES ('9e19955a-cabe-4400-be00-0fe1b19fd9e8', CURRENT_TIMESTAMP, CURRENT_TIMESTAMP, '9e1992c8-49d8-4bd1-8811-4ce3978789b7', 14.80, true, true, 'H1', 'chirashi-saumon-avocat', false, false, NULL, true);
INSERT INTO products (id, created_at, updated_at, category_id, price, is_visible, is_available, code, slug, is_halal, is_vegan, piece_count, is_discountable) VALUES ('9e19955b-19e0-4070-8b65-f4e13a459116', CURRENT_TIMESTAMP, CURRENT_TIMESTAMP, '9e1992c8-49d8-4bd1-8811-4ce3978789b7', 15.80, true, true, 'H2', 'chirashi-thon-avocat', false, false, NULL, true);
INSERT INTO products (id, created_at, updated_at, category_id, price, is_visible, is_available, code, slug, is_halal, is_vegan, piece_count, is_discountable) VALUES ('9e19955b-6a35-4702-a540-e0e715461e65', CURRENT_TIMESTAMP, CURRENT_TIMESTAMP, '9e1992c8-49d8-4bd1-8811-4ce3978789b7', 17.80, true, true, 'H4', 'chirashi-assortiment', false, false, NULL, true);
INSERT INTO products (id, created_at, updated_at, category_id, price, is_visible, is_available, code, slug, is_halal, is_vegan, piece_count, is_discountable) VALUES ('9e19955b-f33b-4f01-b882-fc3eba770b10', CURRENT_TIMESTAMP, CURRENT_TIMESTAMP, '9e1992c8-c8fd-4974-803d-cd7f9c0c1e6d', 8.60, true, true, 'I1', 'sashimi-saumon', false, false, NULL, true);
INSERT INTO products (id, created_at, updated_at, category_id, price, is_visible, is_available, code, slug, is_halal, is_vegan, piece_count, is_discountable) VALUES ('9e19955c-430d-4295-b6e0-aff2453d5768', CURRENT_TIMESTAMP, CURRENT_TIMESTAMP, '9e1992c8-c8fd-4974-803d-cd7f9c0c1e6d', 10.80, true, true, 'I2', 'sashimi-thon', false, false, NULL, true);
INSERT INTO products (id, created_at, updated_at, category_id, price, is_visible, is_available, code, slug, is_halal, is_vegan, piece_count, is_discountable) VALUES ('9e19955c-9680-4cd4-87d6-1d6bb8567148', CURRENT_TIMESTAMP, CURRENT_TIMESTAMP, '9e1992c8-c8fd-4974-803d-cd7f9c0c1e6d', 17.80, true, true, 'I3', 'sashimi-saumon-thon', false, false, NULL, true);
INSERT INTO products (id, created_at, updated_at, category_id, price, is_visible, is_available, code, slug, is_halal, is_vegan, piece_count, is_discountable) VALUES ('9e19955c-e3db-44cc-91db-1b8349c4efed', CURRENT_TIMESTAMP, CURRENT_TIMESTAMP, '9e1992c8-c8fd-4974-803d-cd7f9c0c1e6d', 20.80, true, true, 'I4', 'sashimi-assortiment', false, false, NULL, true);
INSERT INTO products (id, created_at, updated_at, category_id, price, is_visible, is_available, code, slug, is_halal, is_vegan, piece_count, is_discountable) VALUES ('9e19955d-6aaf-4cc4-9979-e20e6c856a13', CURRENT_TIMESTAMP, CURRENT_TIMESTAMP, '9e1992c9-4c21-4723-a416-96550589eb7c', 13.80, true, true, 'R5', 'pokebowl-saumon', false, false, NULL, true);
INSERT INTO products (id, created_at, updated_at, category_id, price, is_visible, is_available, code, slug, is_halal, is_vegan, piece_count, is_discountable) VALUES ('9e19955d-bb59-4973-af4c-f46616ae537b', CURRENT_TIMESTAMP, CURRENT_TIMESTAMP, '9e1992c9-4c21-4723-a416-96550589eb7c', 15.80, true, true, 'R6', 'pokebowl-thon', false, false, NULL, true);
INSERT INTO products (id, created_at, updated_at, category_id, price, is_visible, is_available, code, slug, is_halal, is_vegan, piece_count, is_discountable) VALUES ('9e19955e-0ccd-41d8-80e8-159cb27e9e86', CURRENT_TIMESTAMP, CURRENT_TIMESTAMP, '9e1992c9-4c21-4723-a416-96550589eb7c', 13.30, true, true, 'R7', 'pokebowl-poulet', false, false, NULL, true);
INSERT INTO products (id, created_at, updated_at, category_id, price, is_visible, is_available, code, slug, is_halal, is_vegan, piece_count, is_discountable) VALUES ('9e19955e-5aba-49e3-b219-03f0a0dcc506', CURRENT_TIMESTAMP, CURRENT_TIMESTAMP, '9e1992c9-4c21-4723-a416-96550589eb7c', 13.30, true, true, 'R8', 'pokebowl-gyoza-poulet-frit', false, false, NULL, true);
INSERT INTO products (id, created_at, updated_at, category_id, price, is_visible, is_available, code, slug, is_halal, is_vegan, piece_count, is_discountable) VALUES ('9e19955e-ab77-4e87-8d34-08b4989d5e3c', CURRENT_TIMESTAMP, CURRENT_TIMESTAMP, '9e1992c9-4c21-4723-a416-96550589eb7c', 11.80, true, true, 'R9', 'pokebowl-vegetarien-tofu', false, false, NULL, true);
INSERT INTO products (id, created_at, updated_at, category_id, price, is_visible, is_available, code, slug, is_halal, is_vegan, piece_count, is_discountable) VALUES ('e0a330cd-90ee-47d6-84e0-6c38b39e603a', CURRENT_TIMESTAMP, CURRENT_TIMESTAMP, '9e1992c9-d637-4dcc-ae10-bd9a445495b8', 4.00, true, true, 'K1', 'tokyo-hot-soupe-miso', false, false, NULL, true);
INSERT INTO products (id, created_at, updated_at, category_id, price, is_visible, is_available, code, slug, is_halal, is_vegan, piece_count, is_discountable) VALUES ('226355b2-792c-4c63-a97a-0d7bdaae58f5', CURRENT_TIMESTAMP, CURRENT_TIMESTAMP, '9e1992c9-d637-4dcc-ae10-bd9a445495b8', 7.50, true, true, 'K10', 'tokyo-hot-raviolis-aux-scampis-a-la-vapeur', false, false, 5, true);
INSERT INTO products (id, created_at, updated_at, category_id, price, is_visible, is_available, code, slug, is_halal, is_vegan, piece_count, is_discountable) VALUES ('0230d7cc-b166-4d3c-bb97-09d1ae2b0d3a', CURRENT_TIMESTAMP, CURRENT_TIMESTAMP, '9e1992c9-d637-4dcc-ae10-bd9a445495b8', 9.80, true, true, 'K11', 'tokyo-hot-katsu-de-poulet-avec-sauce-mayonnaise-piquante', false, false, 6, true);
INSERT INTO products (id, created_at, updated_at, category_id, price, is_visible, is_available, code, slug, is_halal, is_vegan, piece_count, is_discountable) VALUES ('7f33323e-f3e4-4307-929c-d6f19d0bc88f', CURRENT_TIMESTAMP, CURRENT_TIMESTAMP, '9e1992c9-d637-4dcc-ae10-bd9a445495b8', 6.50, true, true, 'K12', 'tokyo-hot-tempura-scampis', false, false, 3, true);
INSERT INTO products (id, created_at, updated_at, category_id, price, is_visible, is_available, code, slug, is_halal, is_vegan, piece_count, is_discountable) VALUES ('3366e0e6-e777-4994-8db4-b1968d15480f', CURRENT_TIMESTAMP, CURRENT_TIMESTAMP, '9e1992c9-d637-4dcc-ae10-bd9a445495b8', 8.50, true, true, 'K13', 'tokyo-hot-raviolis-japonais-a-la-crevette', false, false, 6, true);
INSERT INTO products (id, created_at, updated_at, category_id, price, is_visible, is_available, code, slug, is_halal, is_vegan, piece_count, is_discountable) VALUES ('97246b93-1412-471f-b18d-a8457ce8ef7c', CURRENT_TIMESTAMP, CURRENT_TIMESTAMP, '9e1992c9-d637-4dcc-ae10-bd9a445495b8', 6.80, true, true, 'K15', 'tokyo-hot-raviolis-japonais-au-poulet', false, false, 6, true);
INSERT INTO products (id, created_at, updated_at, category_id, price, is_visible, is_available, code, slug, is_halal, is_vegan, piece_count, is_discountable) VALUES ('eb97a61a-90d5-4035-b649-0a42daaa7a9d', CURRENT_TIMESTAMP, CURRENT_TIMESTAMP, '9e1992c9-d637-4dcc-ae10-bd9a445495b8', 6.00, true, true, 'K16', 'tokyo-hot-brochette-de-tofu', false, false, 2, true);
INSERT INTO products (id, created_at, updated_at, category_id, price, is_visible, is_available, code, slug, is_halal, is_vegan, piece_count, is_discountable) VALUES ('023f1130-699e-4b15-a96e-8a18608d8fd9', CURRENT_TIMESTAMP, CURRENT_TIMESTAMP, '9e1992c9-d637-4dcc-ae10-bd9a445495b8', 10.50, true, true, 'K18', 'tokyo-hot-tataki-de-saumon', false, false, 6, true);
INSERT INTO products (id, created_at, updated_at, category_id, price, is_visible, is_available, code, slug, is_halal, is_vegan, piece_count, is_discountable) VALUES ('4cb6b759-2ba7-43ec-9c21-23dc719e5a50', CURRENT_TIMESTAMP, CURRENT_TIMESTAMP, '9e1992c9-d637-4dcc-ae10-bd9a445495b8', 11.50, true, true, 'K19', 'tokyo-hot-nouilles-sautees-aux-legumes', false, false, NULL, true);
INSERT INTO products (id, created_at, updated_at, category_id, price, is_visible, is_available, code, slug, is_halal, is_vegan, piece_count, is_discountable) VALUES ('8f391069-dd58-4bae-ac00-091979c1193d', CURRENT_TIMESTAMP, CURRENT_TIMESTAMP, '9e1992c9-d637-4dcc-ae10-bd9a445495b8', 5.50, true, true, 'K2', 'tokyo-hot-soupe-piquante', true, false, NULL, true);
INSERT INTO products (id, created_at, updated_at, category_id, price, is_visible, is_available, code, slug, is_halal, is_vegan, piece_count, is_discountable) VALUES ('61eef4e5-8745-4ae8-a12f-05f90b8baaf9', CURRENT_TIMESTAMP, CURRENT_TIMESTAMP, '9e1992c9-d637-4dcc-ae10-bd9a445495b8', 13.80, true, true, 'K20', 'tokyo-hot-nouilles-udon-sautees-au-poulet-croustillant', true, false, NULL, true);
INSERT INTO products (id, created_at, updated_at, category_id, price, is_visible, is_available, code, slug, is_halal, is_vegan, piece_count, is_discountable) VALUES ('def829e8-6033-429e-87c0-e8e68c6d5179', CURRENT_TIMESTAMP, CURRENT_TIMESTAMP, '9e1992c9-d637-4dcc-ae10-bd9a445495b8', 15.80, true, true, 'K22', 'tokyo-hot-nouilles-sautees-aux-scampis', false, false, NULL, true);
INSERT INTO products (id, created_at, updated_at, category_id, price, is_visible, is_available, code, slug, is_halal, is_vegan, piece_count, is_discountable) VALUES ('3e2a5229-f255-4fb4-ac4d-5670ca4fef4f', CURRENT_TIMESTAMP, CURRENT_TIMESTAMP, '9e1992c9-d637-4dcc-ae10-bd9a445495b8', 16.80, true, true, 'K23', 'tokyo-hot-katsu-de-poulet-au-curry-japonais', false, false, NULL, true);
INSERT INTO products (id, created_at, updated_at, category_id, price, is_visible, is_available, code, slug, is_halal, is_vegan, piece_count, is_discountable) VALUES ('5768c5af-f7af-48cf-bca8-1b0761646d25', CURRENT_TIMESTAMP, CURRENT_TIMESTAMP, '9e1992c9-d637-4dcc-ae10-bd9a445495b8', 4.50, true, true, 'K3', 'tokyo-hot-soupe-de-nouilles-au-poulet', true, false, NULL, true);
INSERT INTO products (id, created_at, updated_at, category_id, price, is_visible, is_available, code, slug, is_halal, is_vegan, piece_count, is_discountable) VALUES ('eedd1790-cf4c-46ca-b5ad-7da57d9b0141', CURRENT_TIMESTAMP, CURRENT_TIMESTAMP, '9e1992c9-d637-4dcc-ae10-bd9a445495b8', 5.50, true, true, 'K7', 'tokyo-hot-brochette-de-poulet', false, false, 2, true);
INSERT INTO products (id, created_at, updated_at, category_id, price, is_visible, is_available, code, slug, is_halal, is_vegan, piece_count, is_discountable) VALUES ('41e2f508-57c2-4e68-96ee-1a7f95682f24', CURRENT_TIMESTAMP, CURRENT_TIMESTAMP, '9e1992c9-d637-4dcc-ae10-bd9a445495b8', 7.50, true, true, 'K8', 'tokyo-hot-brochette-de-boeuf-au-fromage', false, false, 3, true);
INSERT INTO products (id, created_at, updated_at, category_id, price, is_visible, is_available, code, slug, is_halal, is_vegan, piece_count, is_discountable) VALUES ('6d19a765-b33c-4c7e-b6eb-213cda0dc21c', CURRENT_TIMESTAMP, CURRENT_TIMESTAMP, '9e1992c9-d637-4dcc-ae10-bd9a445495b8', 6.60, true, true, 'K9', 'tokyo-hot-boulettes-de-poulpe-a-la-japonaise', false, false, 4, true);
INSERT INTO products (id, created_at, updated_at, category_id, price, is_visible, is_available, code, slug, is_halal, is_vegan, piece_count, is_discountable) VALUES ('085d3ed0-cf02-4d32-83e0-b75dadb6f11e', CURRENT_TIMESTAMP, CURRENT_TIMESTAMP, '9e1992ca-e360-4498-ab6a-62852f8f213b', 3.00, true, true, 'K35', 'accompagnement-riz-blanc-chaud', false, false, NULL, true);
INSERT INTO products (id, created_at, updated_at, category_id, price, is_visible, is_available, code, slug, is_halal, is_vegan, piece_count, is_discountable) VALUES ('5db5b9d7-0d82-4ddb-bfc9-11095f47514c', CURRENT_TIMESTAMP, CURRENT_TIMESTAMP, '9e1992ca-e360-4498-ab6a-62852f8f213b', 4.00, true, true, 'K36', 'accompagnement-riz-vinaigre', false, false, NULL, true);
INSERT INTO products (id, created_at, updated_at, category_id, price, is_visible, is_available, code, slug, is_halal, is_vegan, piece_count, is_discountable) VALUES ('e02cd096-f644-4721-8fe3-e85cbf5dbc7c', CURRENT_TIMESTAMP, CURRENT_TIMESTAMP, '9e1992ca-e360-4498-ab6a-62852f8f213b', 3.50, true, true, 'K37', 'accompagnement-edamame', false, false, NULL, true);
INSERT INTO products (id, created_at, updated_at, category_id, price, is_visible, is_available, code, slug, is_halal, is_vegan, piece_count, is_discountable) VALUES ('14824b8f-3039-4597-82c9-7eba99efe867', CURRENT_TIMESTAMP, CURRENT_TIMESTAMP, '9e1992ca-e360-4498-ab6a-62852f8f213b', 4.00, true, true, 'K38', 'accompagnement-wakame', false, false, NULL, true);
INSERT INTO products (id, created_at, updated_at, category_id, price, is_visible, is_available, code, slug, is_halal, is_vegan, piece_count, is_discountable) VALUES ('3a7a5b4f-c5d2-41a5-bb08-e53ddf6896bc', CURRENT_TIMESTAMP, CURRENT_TIMESTAMP, '9e1992ca-e360-4498-ab6a-62852f8f213b', 3.50, true, true, 'K39', 'accompagnement-chou-vinaigre', false, false, NULL, true);
INSERT INTO products (id, created_at, updated_at, category_id, price, is_visible, is_available, code, slug, is_halal, is_vegan, piece_count, is_discountable) VALUES ('652a530d-b617-40cc-ae74-63f07be58f0c', CURRENT_TIMESTAMP, CURRENT_TIMESTAMP, '9e1992ca-e360-4498-ab6a-62852f8f213b', 4.00, true, true, 'K48', 'accompagnement-kimchi-carottes-maison', false, false, NULL, true);
INSERT INTO products (id, created_at, updated_at, category_id, price, is_visible, is_available, code, slug, is_halal, is_vegan, piece_count, is_discountable) VALUES ('c8cf3a20-9cf5-48ef-a018-76b1363ecf78', CURRENT_TIMESTAMP, CURRENT_TIMESTAMP, '9e1992cb-66d5-4334-b6e6-669f37047773', 3.90, true, true, '', 'boisson-biere-asahi', false, false, NULL, true);
INSERT INTO products (id, created_at, updated_at, category_id, price, is_visible, is_available, code, slug, is_halal, is_vegan, piece_count, is_discountable) VALUES ('ad4dc41b-55e5-4487-a6b5-7e5b285cd1df', CURRENT_TIMESTAMP, CURRENT_TIMESTAMP, '9e1992cb-66d5-4334-b6e6-669f37047773', 3.80, true, true, NULL, 'boisson-biere-sapporo', false, false, NULL, true);
INSERT INTO products (id, created_at, updated_at, category_id, price, is_visible, is_available, code, slug, is_halal, is_vegan, piece_count, is_discountable) VALUES ('0a988294-7f6f-4263-8c45-1c345b46c9ad', CURRENT_TIMESTAMP, CURRENT_TIMESTAMP, '9e1992cb-66d5-4334-b6e6-669f37047773', 2.50, true, true, NULL, 'boisson-coca-cola', false, false, NULL, true);
INSERT INTO products (id, created_at, updated_at, category_id, price, is_visible, is_available, code, slug, is_halal, is_vegan, piece_count, is_discountable) VALUES ('d543f232-7fa1-40e8-aebc-bd15424ebc0c', CURRENT_TIMESTAMP, CURRENT_TIMESTAMP, '9e1992cb-66d5-4334-b6e6-669f37047773', 2.50, true, true, NULL, 'boisson-coca-cola-zero', false, false, NULL, true);
INSERT INTO products (id, created_at, updated_at, category_id, price, is_visible, is_available, code, slug, is_halal, is_vegan, piece_count, is_discountable) VALUES ('ab8e8a59-0c7c-4242-8841-c907f144a3f3', CURRENT_TIMESTAMP, CURRENT_TIMESTAMP, '9e1992cb-66d5-4334-b6e6-669f37047773', 3.80, true, false, NULL, 'boisson-biere-tsingtao', false, false, NULL, true);
INSERT INTO products (id, created_at, updated_at, category_id, price, is_visible, is_available, code, slug, is_halal, is_vegan, piece_count, is_discountable) VALUES ('331ad02f-1cb0-4e9b-9fda-d1c85ac972ad', CURRENT_TIMESTAMP, CURRENT_TIMESTAMP, '9e1992cb-66d5-4334-b6e6-669f37047773', 3.80, true, true, NULL, 'boisson-the-glace-litchi', false, false, NULL, true);
INSERT INTO products (id, created_at, updated_at, category_id, price, is_visible, is_available, code, slug, is_halal, is_vegan, piece_count, is_discountable) VALUES ('76333032-ff07-4b75-90bd-f6a39b3aaaec', CURRENT_TIMESTAMP, CURRENT_TIMESTAMP, '9e1992cb-66d5-4334-b6e6-669f37047773', 3.80, true, true, NULL, 'boisson-the-glace-melon', false, false, NULL, true);
INSERT INTO products (id, created_at, updated_at, category_id, price, is_visible, is_available, code, slug, is_halal, is_vegan, piece_count, is_discountable) VALUES ('495bd13e-0fb2-4566-add6-98c8c6249e7f', CURRENT_TIMESTAMP, CURRENT_TIMESTAMP, '9e1992cb-66d5-4334-b6e6-669f37047773', 3.80, true, false, NULL, 'boisson-biere-iki-yuzu', false, false, NULL, true);
INSERT INTO products (id, created_at, updated_at, category_id, price, is_visible, is_available, code, slug, is_halal, is_vegan, piece_count, is_discountable) VALUES ('5d6b5b64-478c-4469-a5c3-f8ebb6e03c25', CURRENT_TIMESTAMP, CURRENT_TIMESTAMP, '9e1992cb-66d5-4334-b6e6-669f37047773', 3.80, true, true, NULL, 'boisson-biere-kirin', false, false, NULL, true);
INSERT INTO products (id, created_at, updated_at, category_id, price, is_visible, is_available, code, slug, is_halal, is_vegan, piece_count, is_discountable) VALUES ('a7877213-77e1-4f03-93ce-2cb5c20c3d1f', CURRENT_TIMESTAMP, CURRENT_TIMESTAMP, 'efbd4ee3-671a-4568-bd50-d00dc38905cc', 5.00, true, true, NULL, 'dessert-cheese-cake-yuzu', false, false, 1, true);
INSERT INTO products (id, created_at, updated_at, category_id, price, is_visible, is_available, code, slug, is_halal, is_vegan, piece_count, is_discountable) VALUES ('233dd486-35c8-41d7-9fdd-056b6cd999aa', CURRENT_TIMESTAMP, CURRENT_TIMESTAMP, 'efbd4ee3-671a-4568-bd50-d00dc38905cc', 7.50, true, true, NULL, 'dessert-mochi-glace', false, false, 3, true);
INSERT INTO products (id, created_at, updated_at, category_id, price, is_visible, is_available, code, slug, is_halal, is_vegan, piece_count, is_discountable) VALUES ('8ea76a2d-900e-4e26-bcba-90bee8dd39d8', CURRENT_TIMESTAMP, CURRENT_TIMESTAMP, 'efbd4ee3-671a-4568-bd50-d00dc38905cc', 5.00, true, true, NULL, 'dessert-cheese-cake-matcha', false, false, 1, true);
INSERT INTO products (id, created_at, updated_at, category_id, price, is_visible, is_available, code, slug, is_halal, is_vegan, piece_count, is_discountable) VALUES ('0afe0d45-4342-4bc8-8ced-2e6999aa328e', CURRENT_TIMESTAMP, CURRENT_TIMESTAMP, 'efbd4ee3-671a-4568-bd50-d00dc38905cc', 5.50, true, true, NULL, 'dessert-boule-de-sesame-aux-haricots-rouge', false, false, 4, true);

-- ============================================================
-- Product Translations (492 rows)
-- ============================================================
INSERT INTO product_translations (id, product_id, language, name, description, created_at, updated_at) VALUES ('b06e25ad-ccd8-4a3a-9acb-193646d7a032', '0230d7cc-b166-4d3c-bb97-09d1ae2b0d3a', 'en', 'Chicken Katsu with Spicy Mayonnaise Sauce', NULL, CURRENT_TIMESTAMP, CURRENT_TIMESTAMP);
INSERT INTO product_translations (id, product_id, language, name, description, created_at, updated_at) VALUES ('e9a08c36-5f35-4ca6-ae91-564c48766a13', '0230d7cc-b166-4d3c-bb97-09d1ae2b0d3a', 'fr', 'Katsu de poulet avec sauce mayonnaise piquante', NULL, CURRENT_TIMESTAMP, CURRENT_TIMESTAMP);
INSERT INTO product_translations (id, product_id, language, name, description, created_at, updated_at) VALUES ('886d5005-3b78-487f-bfb3-eb63808d9e51', '0230d7cc-b166-4d3c-bb97-09d1ae2b0d3a', 'zh', '香辣蛋黄酱炸鸡排', NULL, CURRENT_TIMESTAMP, CURRENT_TIMESTAMP);
INSERT INTO product_translations (id, product_id, language, name, description, created_at, updated_at) VALUES ('0016a61a-2e0e-4407-8677-bc982980c0a9', '023f1130-699e-4b15-a96e-8a18608d8fd9', 'en', 'Salmon tataki', NULL, CURRENT_TIMESTAMP, CURRENT_TIMESTAMP);
INSERT INTO product_translations (id, product_id, language, name, description, created_at, updated_at) VALUES ('7a8473c6-ae4a-4800-9c67-c72a00371e8c', '023f1130-699e-4b15-a96e-8a18608d8fd9', 'fr', 'Tataki de saumon', NULL, CURRENT_TIMESTAMP, CURRENT_TIMESTAMP);
INSERT INTO product_translations (id, product_id, language, name, description, created_at, updated_at) VALUES ('5e29f312-79a9-4b49-9185-1594f58b7fa3', '023f1130-699e-4b15-a96e-8a18608d8fd9', 'zh', '三文鱼他他', NULL, CURRENT_TIMESTAMP, CURRENT_TIMESTAMP);
INSERT INTO product_translations (id, product_id, language, name, description, created_at, updated_at) VALUES ('5e0bea46-4417-4cf5-8875-2e6b1175f208', '085d3ed0-cf02-4d32-83e0-b75dadb6f11e', 'en', 'Hot white rice', NULL, CURRENT_TIMESTAMP, CURRENT_TIMESTAMP);
INSERT INTO product_translations (id, product_id, language, name, description, created_at, updated_at) VALUES ('e2bc1b97-2f9b-4cf6-87fb-5668d7b6b540', '085d3ed0-cf02-4d32-83e0-b75dadb6f11e', 'fr', 'Riz blanc chaud', NULL, CURRENT_TIMESTAMP, CURRENT_TIMESTAMP);
INSERT INTO product_translations (id, product_id, language, name, description, created_at, updated_at) VALUES ('d9011163-1d20-4a79-8fa7-5a6e1cdfc5a0', '085d3ed0-cf02-4d32-83e0-b75dadb6f11e', 'zh', '热白饭', NULL, CURRENT_TIMESTAMP, CURRENT_TIMESTAMP);
INSERT INTO product_translations (id, product_id, language, name, description, created_at, updated_at) VALUES ('d865fbec-27e5-4f59-b788-efad6606af41', '0a988294-7f6f-4263-8c45-1c345b46c9ad', 'en', 'Coca-Cola', NULL, CURRENT_TIMESTAMP, CURRENT_TIMESTAMP);
INSERT INTO product_translations (id, product_id, language, name, description, created_at, updated_at) VALUES ('c4293628-bea6-4b97-b9df-ca2b5c00d52c', '0a988294-7f6f-4263-8c45-1c345b46c9ad', 'fr', 'Coca-Cola', NULL, CURRENT_TIMESTAMP, CURRENT_TIMESTAMP);
INSERT INTO product_translations (id, product_id, language, name, description, created_at, updated_at) VALUES ('749229ea-3bc6-46e5-9d84-aaf9b2b505af', '0a988294-7f6f-4263-8c45-1c345b46c9ad', 'zh', '可口可乐', NULL, CURRENT_TIMESTAMP, CURRENT_TIMESTAMP);
INSERT INTO product_translations (id, product_id, language, name, description, created_at, updated_at) VALUES ('594ae5e0-ac3e-4047-b80b-6c65c777c9e8', '0afe0d45-4342-4bc8-8ced-2e6999aa328e', 'en', 'Sesame ball with red beans', NULL, CURRENT_TIMESTAMP, CURRENT_TIMESTAMP);
INSERT INTO product_translations (id, product_id, language, name, description, created_at, updated_at) VALUES ('e07bb17b-dd64-4755-9d6c-af65f0a4a5e8', '0afe0d45-4342-4bc8-8ced-2e6999aa328e', 'fr', 'Boule de sésame aux haricots rouges', NULL, CURRENT_TIMESTAMP, CURRENT_TIMESTAMP);
INSERT INTO product_translations (id, product_id, language, name, description, created_at, updated_at) VALUES ('012a3cf0-63e4-4ed7-a585-0aec17740a82', '0afe0d45-4342-4bc8-8ced-2e6999aa328e', 'zh', '红豆芝麻球', NULL, CURRENT_TIMESTAMP, CURRENT_TIMESTAMP);
INSERT INTO product_translations (id, product_id, language, name, description, created_at, updated_at) VALUES ('b52e887a-d66a-42ad-bbcb-7f4156371d00', '14824b8f-3039-4597-82c9-7eba99efe867', 'en', 'Wakame', NULL, CURRENT_TIMESTAMP, CURRENT_TIMESTAMP);
INSERT INTO product_translations (id, product_id, language, name, description, created_at, updated_at) VALUES ('ad9d966f-4229-424d-8d3e-6b512508e659', '14824b8f-3039-4597-82c9-7eba99efe867', 'fr', 'Wakame', NULL, CURRENT_TIMESTAMP, CURRENT_TIMESTAMP);
INSERT INTO product_translations (id, product_id, language, name, description, created_at, updated_at) VALUES ('f466b912-b561-40ef-88a2-9dc8f6204338', '14824b8f-3039-4597-82c9-7eba99efe867', 'zh', '裙带菜', NULL, CURRENT_TIMESTAMP, CURRENT_TIMESTAMP);
INSERT INTO product_translations (id, product_id, language, name, description, created_at, updated_at) VALUES ('ea02717e-a717-42a4-b54f-cc61e1a614f7', '226355b2-792c-4c63-a97a-0d7bdaae58f5', 'en', 'Steamed scampi ravioli', NULL, CURRENT_TIMESTAMP, CURRENT_TIMESTAMP);
INSERT INTO product_translations (id, product_id, language, name, description, created_at, updated_at) VALUES ('61eb4f2e-57cd-4932-88e0-f8c7b5ece670', '226355b2-792c-4c63-a97a-0d7bdaae58f5', 'fr', 'Raviolis aux scampis à la vapeur', NULL, CURRENT_TIMESTAMP, CURRENT_TIMESTAMP);
INSERT INTO product_translations (id, product_id, language, name, description, created_at, updated_at) VALUES ('b0771542-04fe-4968-bc31-8778866a635b', '226355b2-792c-4c63-a97a-0d7bdaae58f5', 'zh', '蒸虾饺', NULL, CURRENT_TIMESTAMP, CURRENT_TIMESTAMP);
INSERT INTO product_translations (id, product_id, language, name, description, created_at, updated_at) VALUES ('9a98106f-0663-48be-8036-5dc9174fd80f', '233dd486-35c8-41d7-9fdd-056b6cd999aa', 'en', 'Frozen mochi', NULL, CURRENT_TIMESTAMP, CURRENT_TIMESTAMP);
INSERT INTO product_translations (id, product_id, language, name, description, created_at, updated_at) VALUES ('f9bbfc02-9fb4-45b6-904d-637f8e7bbdde', '233dd486-35c8-41d7-9fdd-056b6cd999aa', 'fr', 'Mochi glacé', NULL, CURRENT_TIMESTAMP, CURRENT_TIMESTAMP);
INSERT INTO product_translations (id, product_id, language, name, description, created_at, updated_at) VALUES ('28f6e2b5-1b0f-481b-9c2f-545f65647a8f', '233dd486-35c8-41d7-9fdd-056b6cd999aa', 'zh', '冰麻糬', NULL, CURRENT_TIMESTAMP, CURRENT_TIMESTAMP);
INSERT INTO product_translations (id, product_id, language, name, description, created_at, updated_at) VALUES ('961bbe13-c523-46f3-a147-4f0f8ca6cec0', '331ad02f-1cb0-4e9b-9fda-d1c85ac972ad', 'en', 'Lychee Frozen Tea', NULL, CURRENT_TIMESTAMP, CURRENT_TIMESTAMP);
INSERT INTO product_translations (id, product_id, language, name, description, created_at, updated_at) VALUES ('c8a586ff-8883-48f0-b196-05bcd7882991', '331ad02f-1cb0-4e9b-9fda-d1c85ac972ad', 'fr', 'Thé glacé litchi', NULL, CURRENT_TIMESTAMP, CURRENT_TIMESTAMP);
INSERT INTO product_translations (id, product_id, language, name, description, created_at, updated_at) VALUES ('f664f46c-b603-433c-888b-bd22ecf8b85c', '331ad02f-1cb0-4e9b-9fda-d1c85ac972ad', 'zh', '荔枝冰茶', NULL, CURRENT_TIMESTAMP, CURRENT_TIMESTAMP);
INSERT INTO product_translations (id, product_id, language, name, description, created_at, updated_at) VALUES ('09e303d3-e80d-4570-8a21-c66e43d6a9d5', '3366e0e6-e777-4994-8db4-b1968d15480f', 'en', 'Japanese Shrimp Dumplings', NULL, CURRENT_TIMESTAMP, CURRENT_TIMESTAMP);
INSERT INTO product_translations (id, product_id, language, name, description, created_at, updated_at) VALUES ('6cf87dcd-51c0-4fb1-82df-f78d232d885e', '3366e0e6-e777-4994-8db4-b1968d15480f', 'fr', 'Raviolis japonais à la crevette', NULL, CURRENT_TIMESTAMP, CURRENT_TIMESTAMP);
INSERT INTO product_translations (id, product_id, language, name, description, created_at, updated_at) VALUES ('0e978770-2f78-4642-8d84-67f1864b1fb7', '3366e0e6-e777-4994-8db4-b1968d15480f', 'zh', '日式虾饺', NULL, CURRENT_TIMESTAMP, CURRENT_TIMESTAMP);
INSERT INTO product_translations (id, product_id, language, name, description, created_at, updated_at) VALUES ('51c64e22-e1db-46cf-b827-599d7f40f76b', '3a7a5b4f-c5d2-41a5-bb08-e53ddf6896bc', 'en', 'Pickled cabbage', NULL, CURRENT_TIMESTAMP, CURRENT_TIMESTAMP);
INSERT INTO product_translations (id, product_id, language, name, description, created_at, updated_at) VALUES ('a351fa8c-e2d6-4c0f-9bf5-d2ba13e32d6c', '3a7a5b4f-c5d2-41a5-bb08-e53ddf6896bc', 'fr', 'Chou vinaigré', NULL, CURRENT_TIMESTAMP, CURRENT_TIMESTAMP);
INSERT INTO product_translations (id, product_id, language, name, description, created_at, updated_at) VALUES ('c3cc62f4-ce05-4bef-8436-48462fd7b467', '3a7a5b4f-c5d2-41a5-bb08-e53ddf6896bc', 'zh', '腌卷心菜', NULL, CURRENT_TIMESTAMP, CURRENT_TIMESTAMP);
INSERT INTO product_translations (id, product_id, language, name, description, created_at, updated_at) VALUES ('55e5bc33-d8e1-4c8c-ae91-bcb0d0e9d3dc', '3e2a5229-f255-4fb4-ac4d-5670ca4fef4f', 'en', 'Japanese Chicken Katsu Curry', NULL, CURRENT_TIMESTAMP, CURRENT_TIMESTAMP);
INSERT INTO product_translations (id, product_id, language, name, description, created_at, updated_at) VALUES ('206a930d-c5e9-4c23-964d-4f8f2c042ad5', '3e2a5229-f255-4fb4-ac4d-5670ca4fef4f', 'fr', 'Katsu de poulet au curry japonais', NULL, CURRENT_TIMESTAMP, CURRENT_TIMESTAMP);
INSERT INTO product_translations (id, product_id, language, name, description, created_at, updated_at) VALUES ('74845ab4-541d-4519-b6d9-b013287e0286', '3e2a5229-f255-4fb4-ac4d-5670ca4fef4f', 'zh', '日式炸鸡咖喱', NULL, CURRENT_TIMESTAMP, CURRENT_TIMESTAMP);
INSERT INTO product_translations (id, product_id, language, name, description, created_at, updated_at) VALUES ('cf39d0c3-5c83-44cf-bed2-328f11405185', '41e2f508-57c2-4e68-96ee-1a7f95682f24', 'en', 'Beef skewer with cheese', NULL, CURRENT_TIMESTAMP, CURRENT_TIMESTAMP);
INSERT INTO product_translations (id, product_id, language, name, description, created_at, updated_at) VALUES ('18eba67e-db2d-4ad3-b226-cdeab54c3abd', '41e2f508-57c2-4e68-96ee-1a7f95682f24', 'fr', 'Brochette de boeuf au fromage', NULL, CURRENT_TIMESTAMP, CURRENT_TIMESTAMP);
INSERT INTO product_translations (id, product_id, language, name, description, created_at, updated_at) VALUES ('d7b742df-4cfb-4d5e-ab11-75f31f2c8a7d', '41e2f508-57c2-4e68-96ee-1a7f95682f24', 'zh', '芝士牛肉串', NULL, CURRENT_TIMESTAMP, CURRENT_TIMESTAMP);
INSERT INTO product_translations (id, product_id, language, name, description, created_at, updated_at) VALUES ('8e977fb2-a9dd-4dad-949b-e77195dace95', '495bd13e-0fb2-4566-add6-98c8c6249e7f', 'en', 'Iki Yuzu Beer', NULL, CURRENT_TIMESTAMP, CURRENT_TIMESTAMP);
INSERT INTO product_translations (id, product_id, language, name, description, created_at, updated_at) VALUES ('8c5d16ba-2dbe-452d-ace9-da04c012c26b', '495bd13e-0fb2-4566-add6-98c8c6249e7f', 'fr', 'Bière Iki Yuzu', NULL, CURRENT_TIMESTAMP, CURRENT_TIMESTAMP);
INSERT INTO product_translations (id, product_id, language, name, description, created_at, updated_at) VALUES ('6e514e68-e3b9-4f38-bc4b-f5af34656657', '495bd13e-0fb2-4566-add6-98c8c6249e7f', 'zh', '柚子啤酒', NULL, CURRENT_TIMESTAMP, CURRENT_TIMESTAMP);
INSERT INTO product_translations (id, product_id, language, name, description, created_at, updated_at) VALUES ('c0f44820-10ab-4cdf-bc89-7f5df154e233', '4cb6b759-2ba7-43ec-9c21-23dc719e5a50', 'en', 'Stir-fried noodles with vegetables', NULL, CURRENT_TIMESTAMP, CURRENT_TIMESTAMP);
INSERT INTO product_translations (id, product_id, language, name, description, created_at, updated_at) VALUES ('0d9a3299-3fca-487c-bccf-3d12f7a2b67b', '4cb6b759-2ba7-43ec-9c21-23dc719e5a50', 'fr', 'Nouilles sautées aux légumes', NULL, CURRENT_TIMESTAMP, CURRENT_TIMESTAMP);
INSERT INTO product_translations (id, product_id, language, name, description, created_at, updated_at) VALUES ('8a2315f3-f17b-4619-a197-bbfb52def20d', '4cb6b759-2ba7-43ec-9c21-23dc719e5a50', 'zh', '蔬菜炒面', NULL, CURRENT_TIMESTAMP, CURRENT_TIMESTAMP);
INSERT INTO product_translations (id, product_id, language, name, description, created_at, updated_at) VALUES ('d2742b6c-5a67-4fff-a231-d404a942a4f4', '5768c5af-f7af-48cf-bca8-1b0761646d25', 'en', 'Chicken Noodle Soup', NULL, CURRENT_TIMESTAMP, CURRENT_TIMESTAMP);
INSERT INTO product_translations (id, product_id, language, name, description, created_at, updated_at) VALUES ('f193d735-cfd4-495e-94ba-71b0e66fd93c', '5768c5af-f7af-48cf-bca8-1b0761646d25', 'fr', 'Soupe de nouilles au poulet', NULL, CURRENT_TIMESTAMP, CURRENT_TIMESTAMP);
INSERT INTO product_translations (id, product_id, language, name, description, created_at, updated_at) VALUES ('8808e9d2-6b6b-4f97-b066-154e72509bef', '5768c5af-f7af-48cf-bca8-1b0761646d25', 'zh', '鸡肉面汤', NULL, CURRENT_TIMESTAMP, CURRENT_TIMESTAMP);
INSERT INTO product_translations (id, product_id, language, name, description, created_at, updated_at) VALUES ('6a97d233-800d-4ca3-836f-a541e5d28c67', '5d6b5b64-478c-4469-a5c3-f8ebb6e03c25', 'en', 'Kirin Beer', NULL, CURRENT_TIMESTAMP, CURRENT_TIMESTAMP);
INSERT INTO product_translations (id, product_id, language, name, description, created_at, updated_at) VALUES ('068860d5-b1d0-4a8d-b1b7-df57d0af8244', '5d6b5b64-478c-4469-a5c3-f8ebb6e03c25', 'fr', 'Bière Kirin', NULL, CURRENT_TIMESTAMP, CURRENT_TIMESTAMP);
INSERT INTO product_translations (id, product_id, language, name, description, created_at, updated_at) VALUES ('46e9481d-bcf2-4609-a50f-0cd1f81f1eff', '5d6b5b64-478c-4469-a5c3-f8ebb6e03c25', 'zh', '麒麟啤酒', NULL, CURRENT_TIMESTAMP, CURRENT_TIMESTAMP);
INSERT INTO product_translations (id, product_id, language, name, description, created_at, updated_at) VALUES ('3a48da35-2634-4c3f-aed6-48e551618c1a', '5db5b9d7-0d82-4ddb-bfc9-11095f47514c', 'en', 'Vinegar rice', NULL, CURRENT_TIMESTAMP, CURRENT_TIMESTAMP);
INSERT INTO product_translations (id, product_id, language, name, description, created_at, updated_at) VALUES ('02b39097-3ff7-4d39-a8bd-4193d45ae36e', '5db5b9d7-0d82-4ddb-bfc9-11095f47514c', 'fr', 'Riz vinaigré', NULL, CURRENT_TIMESTAMP, CURRENT_TIMESTAMP);
INSERT INTO product_translations (id, product_id, language, name, description, created_at, updated_at) VALUES ('75b4343e-b340-474c-aa73-a4cd52f5a7ec', '5db5b9d7-0d82-4ddb-bfc9-11095f47514c', 'zh', '醋饭', NULL, CURRENT_TIMESTAMP, CURRENT_TIMESTAMP);
INSERT INTO product_translations (id, product_id, language, name, description, created_at, updated_at) VALUES ('a834ef03-e957-4ed2-ac0c-ca2dbd407c38', '61eef4e5-8745-4ae8-a12f-05f90b8baaf9', 'en', 'Stir-fried Udon Noodles with Crispy Chicken', NULL, CURRENT_TIMESTAMP, CURRENT_TIMESTAMP);
INSERT INTO product_translations (id, product_id, language, name, description, created_at, updated_at) VALUES ('cbc55537-ae8d-4a4f-8667-c0f9ebbbb690', '61eef4e5-8745-4ae8-a12f-05f90b8baaf9', 'fr', 'Nouilles Udon sautées au poulet croustillant', NULL, CURRENT_TIMESTAMP, CURRENT_TIMESTAMP);
INSERT INTO product_translations (id, product_id, language, name, description, created_at, updated_at) VALUES ('3c8dd1ad-4f73-4f32-b685-ae5c2df2f9af', '61eef4e5-8745-4ae8-a12f-05f90b8baaf9', 'zh', '脆鸡炒乌冬面', NULL, CURRENT_TIMESTAMP, CURRENT_TIMESTAMP);
INSERT INTO product_translations (id, product_id, language, name, description, created_at, updated_at) VALUES ('7a0a86f6-2e8b-4a8d-87e0-698b85738838', '652a530d-b617-40cc-ae74-63f07be58f0c', 'en', 'Homemade carrot kimchi', NULL, CURRENT_TIMESTAMP, CURRENT_TIMESTAMP);
INSERT INTO product_translations (id, product_id, language, name, description, created_at, updated_at) VALUES ('d706c9ab-0f8e-4433-90fb-403359ecf107', '652a530d-b617-40cc-ae74-63f07be58f0c', 'fr', 'Kimchi carottes maison', NULL, CURRENT_TIMESTAMP, CURRENT_TIMESTAMP);
INSERT INTO product_translations (id, product_id, language, name, description, created_at, updated_at) VALUES ('65e7b40e-b864-40aa-90eb-a6e786e73c52', '652a530d-b617-40cc-ae74-63f07be58f0c', 'zh', '自制胡萝卜泡菜', NULL, CURRENT_TIMESTAMP, CURRENT_TIMESTAMP);
INSERT INTO product_translations (id, product_id, language, name, description, created_at, updated_at) VALUES ('e728da84-f9f7-4d36-9007-79b5781a55d3', '6d19a765-b33c-4c7e-b6eb-213cda0dc21c', 'en', 'Japanese Octopus Balls', NULL, CURRENT_TIMESTAMP, CURRENT_TIMESTAMP);
INSERT INTO product_translations (id, product_id, language, name, description, created_at, updated_at) VALUES ('f6feee99-1a8a-4c5a-b733-f042989224f0', '6d19a765-b33c-4c7e-b6eb-213cda0dc21c', 'fr', 'Boulettes de poulpe à la japonaise', NULL, CURRENT_TIMESTAMP, CURRENT_TIMESTAMP);
INSERT INTO product_translations (id, product_id, language, name, description, created_at, updated_at) VALUES ('582d0e97-2652-4620-9533-7b062f08b0c4', '6d19a765-b33c-4c7e-b6eb-213cda0dc21c', 'zh', '章鱼小丸子', NULL, CURRENT_TIMESTAMP, CURRENT_TIMESTAMP);
INSERT INTO product_translations (id, product_id, language, name, description, created_at, updated_at) VALUES ('e0434a9a-c469-4dca-b839-f885be9ebca4', '76333032-ff07-4b75-90bd-f6a39b3aaaec', 'en', 'Melon Frozen Tea', NULL, CURRENT_TIMESTAMP, CURRENT_TIMESTAMP);
INSERT INTO product_translations (id, product_id, language, name, description, created_at, updated_at) VALUES ('ddda951f-3e8c-405c-ba2e-9161f5882b16', '76333032-ff07-4b75-90bd-f6a39b3aaaec', 'fr', 'Thé glacé melon', NULL, CURRENT_TIMESTAMP, CURRENT_TIMESTAMP);
INSERT INTO product_translations (id, product_id, language, name, description, created_at, updated_at) VALUES ('db6bdd34-e24a-4954-8cd5-d1221a01415f', '76333032-ff07-4b75-90bd-f6a39b3aaaec', 'zh', '蜜瓜冰茶', NULL, CURRENT_TIMESTAMP, CURRENT_TIMESTAMP);
INSERT INTO product_translations (id, product_id, language, name, description, created_at, updated_at) VALUES ('c0e329cf-548f-4cb1-a629-791cd0c75d93', '7f33323e-f3e4-4307-929c-d6f19d0bc88f', 'en', 'Tempura scampi', NULL, CURRENT_TIMESTAMP, CURRENT_TIMESTAMP);
INSERT INTO product_translations (id, product_id, language, name, description, created_at, updated_at) VALUES ('71f63766-58cf-47fe-9cb4-539353156054', '7f33323e-f3e4-4307-929c-d6f19d0bc88f', 'fr', 'Tempura scampis', NULL, CURRENT_TIMESTAMP, CURRENT_TIMESTAMP);
INSERT INTO product_translations (id, product_id, language, name, description, created_at, updated_at) VALUES ('7069fa41-a648-4e43-8ec6-9827848d2c92', '7f33323e-f3e4-4307-929c-d6f19d0bc88f', 'zh', '天妇罗虾', NULL, CURRENT_TIMESTAMP, CURRENT_TIMESTAMP);
INSERT INTO product_translations (id, product_id, language, name, description, created_at, updated_at) VALUES ('2dbd4984-2844-4e8b-8f3d-79c2563508b2', '8ea76a2d-900e-4e26-bcba-90bee8dd39d8', 'en', 'Matcha Cheesecake', NULL, CURRENT_TIMESTAMP, CURRENT_TIMESTAMP);
INSERT INTO product_translations (id, product_id, language, name, description, created_at, updated_at) VALUES ('ebc7e100-fe1c-4624-b389-8e787a9b82f8', '8ea76a2d-900e-4e26-bcba-90bee8dd39d8', 'fr', 'Cheesecake matcha', NULL, CURRENT_TIMESTAMP, CURRENT_TIMESTAMP);
INSERT INTO product_translations (id, product_id, language, name, description, created_at, updated_at) VALUES ('a42a8d4c-c912-429d-8cf1-23a96ce5cff9', '8ea76a2d-900e-4e26-bcba-90bee8dd39d8', 'zh', '抹茶芝士蛋糕', NULL, CURRENT_TIMESTAMP, CURRENT_TIMESTAMP);
INSERT INTO product_translations (id, product_id, language, name, description, created_at, updated_at) VALUES ('53d4ad58-1009-4360-903b-d546cc557a1e', '8f391069-dd58-4bae-ac00-091979c1193d', 'en', 'Spicy soup', NULL, CURRENT_TIMESTAMP, CURRENT_TIMESTAMP);
INSERT INTO product_translations (id, product_id, language, name, description, created_at, updated_at) VALUES ('ab37a04a-b08f-4f2d-ad90-d5c8da3a8582', '8f391069-dd58-4bae-ac00-091979c1193d', 'fr', 'Soupe piquante', NULL, CURRENT_TIMESTAMP, CURRENT_TIMESTAMP);
INSERT INTO product_translations (id, product_id, language, name, description, created_at, updated_at) VALUES ('acef05f7-48ee-453a-aa3e-6810948507f6', '8f391069-dd58-4bae-ac00-091979c1193d', 'zh', '辣汤', NULL, CURRENT_TIMESTAMP, CURRENT_TIMESTAMP);
INSERT INTO product_translations (id, product_id, language, name, description, created_at, updated_at) VALUES ('aaeb1469-fe92-44e5-9273-5ceb2c9be1fb', '97246b93-1412-471f-b18d-a8457ce8ef7c', 'en', 'Japanese Chicken Dumplings', NULL, CURRENT_TIMESTAMP, CURRENT_TIMESTAMP);
INSERT INTO product_translations (id, product_id, language, name, description, created_at, updated_at) VALUES ('4100a272-9f80-481d-ad06-b142467983be', '97246b93-1412-471f-b18d-a8457ce8ef7c', 'fr', 'Raviolis japonais au poulet', NULL, CURRENT_TIMESTAMP, CURRENT_TIMESTAMP);
INSERT INTO product_translations (id, product_id, language, name, description, created_at, updated_at) VALUES ('7d889526-59d0-4b7f-a471-42806f5e168e', '97246b93-1412-471f-b18d-a8457ce8ef7c', 'zh', '日式鸡肉饺子', NULL, CURRENT_TIMESTAMP, CURRENT_TIMESTAMP);
INSERT INTO product_translations (id, product_id, language, name, description, created_at, updated_at) VALUES ('9e199414-f2d7-485e-8edd-dc60f9acac2c', '9e199414-bb2f-4aed-ac7f-a6423a2d7092', 'en', 'M1', '2 salmon sushis, 2 tuna sushis, 6 avocado California rolls and 6 shrimp tempura makis.', CURRENT_TIMESTAMP, CURRENT_TIMESTAMP);
INSERT INTO product_translations (id, product_id, language, name, description, created_at, updated_at) VALUES ('9e199414-d724-430d-b529-156332680cac', '9e199414-bb2f-4aed-ac7f-a6423a2d7092', 'fr', 'M1', '2 sushis saumon, 2 sushis thon, 6 California avocat et 6 makis tempura crevettes.', CURRENT_TIMESTAMP, CURRENT_TIMESTAMP);
INSERT INTO product_translations (id, product_id, language, name, description, created_at, updated_at) VALUES ('e5adfea1-de87-4ee5-b335-72573ee4b058', '9e199414-bb2f-4aed-ac7f-a6423a2d7092', 'zh', 'M1', '2个三文鱼寿司、2个金枪鱼寿司、6个牛油果加州卷、6个天妇罗虾卷', CURRENT_TIMESTAMP, CURRENT_TIMESTAMP);
INSERT INTO product_translations (id, product_id, language, name, description, created_at, updated_at) VALUES ('9e199415-425c-4c66-8ba9-bca19b66dd0c', '9e199415-0f31-46a9-ae14-f0dc0899e681', 'en', 'M2', '2 chicken skewers, 6 salmon avocado California rolls and 6 shrimp tempura avocado California rolls. Served with 1 miso soup.', CURRENT_TIMESTAMP, CURRENT_TIMESTAMP);
INSERT INTO product_translations (id, product_id, language, name, description, created_at, updated_at) VALUES ('9e199415-2841-4b3e-8b35-be2c34415d93', '9e199415-0f31-46a9-ae14-f0dc0899e681', 'fr', 'M2', '2 brochettes de poulet, 6 California saumon avocat et 6 California tempura crevettes avocat. Servi avec 1 soupe miso.', CURRENT_TIMESTAMP, CURRENT_TIMESTAMP);
INSERT INTO product_translations (id, product_id, language, name, description, created_at, updated_at) VALUES ('dbeb9218-80a7-4cea-85f3-3a43848487fc', '9e199415-0f31-46a9-ae14-f0dc0899e681', 'zh', 'M2', '2串鸡肉串、6个三文鱼牛油果加州卷、6个天妇罗虾牛油果加州卷，配1份味噌汤', CURRENT_TIMESTAMP, CURRENT_TIMESTAMP);
INSERT INTO product_translations (id, product_id, language, name, description, created_at, updated_at) VALUES ('9e199415-9411-47bd-b8c6-4be666d22e5e', '9e199415-5b4b-44b1-8962-c2d09ac35398', 'en', 'Salmon platter', '4 salmon sushi, 6 salmon makis, 6 salmon avocado California rolls, and 6 salmon avocado spring rolls.', CURRENT_TIMESTAMP, CURRENT_TIMESTAMP);
INSERT INTO product_translations (id, product_id, language, name, description, created_at, updated_at) VALUES ('9e199415-770a-4a53-9b0d-b1be23b8cb90', '9e199415-5b4b-44b1-8962-c2d09ac35398', 'fr', 'Plateau saumon', '4 sushi saumon, 6 makis saumon, 6 California saumon avocat et 6 springs rolls saumon avocat.', CURRENT_TIMESTAMP, CURRENT_TIMESTAMP);
INSERT INTO product_translations (id, product_id, language, name, description, created_at, updated_at) VALUES ('cb4c58a3-e2f8-4678-b31a-3fc48186e194', '9e199415-5b4b-44b1-8962-c2d09ac35398', 'zh', '三文鱼拼盘', '4个三文鱼寿司、6个三文鱼卷、6个三文鱼牛油果加州卷、6个三文鱼牛油果春卷', CURRENT_TIMESTAMP, CURRENT_TIMESTAMP);
INSERT INTO product_translations (id, product_id, language, name, description, created_at, updated_at) VALUES ('9e199415-e47b-4e9d-9f07-eb0c8d102da8', '9e199415-ae0c-46e3-85cd-328572c33824', 'en', 'California platter 24', '6 salmon avocado California rolls, 6 tuna avocado California rolls, 6 salmon mango California rolls, and 6 shrimp tempura avocado California rolls.', CURRENT_TIMESTAMP, CURRENT_TIMESTAMP);
INSERT INTO product_translations (id, product_id, language, name, description, created_at, updated_at) VALUES ('9e199415-ca23-4e2b-bc18-bdc85cf79734', '9e199415-ae0c-46e3-85cd-328572c33824', 'fr', 'Plateau California 24', '6 California rolls saumon avocat, 6 California rolls thon avocat, 6 California rolls saumon mangue et 6 California rolls tempura crevettes avocat.', CURRENT_TIMESTAMP, CURRENT_TIMESTAMP);
INSERT INTO product_translations (id, product_id, language, name, description, created_at, updated_at) VALUES ('242815ee-20da-41e9-b5e6-59f2fe85bea7', '9e199415-ae0c-46e3-85cd-328572c33824', 'zh', '加州卷拼盘24', '6个三文鱼牛油果加州卷、6个金枪鱼牛油果加州卷、6个三文鱼芒果加州卷、6个天妇罗虾牛油果加州卷', CURRENT_TIMESTAMP, CURRENT_TIMESTAMP);
INSERT INTO product_translations (id, product_id, language, name, description, created_at, updated_at) VALUES ('9e199416-361f-4e82-9813-cf0c0a24fbba', '9e199415-feca-4ded-8eca-3c332cc54481', 'en', 'Platter 46', '2 salmon sushi, 2 tuna sushi, 6 shrimp tempura avocado strawberry cheese California rolls, 6 salmon avocado California rolls, 6 salmon mango California rolls, 6 cooked tuna apple spicy California rolls, 6 chicken mango mint spring rolls, 6 salmon cheese rolls, 6 avocado makis.', CURRENT_TIMESTAMP, CURRENT_TIMESTAMP);
INSERT INTO product_translations (id, product_id, language, name, description, created_at, updated_at) VALUES ('9e199416-1892-49f5-89bf-939fe7c15ffb', '9e199415-feca-4ded-8eca-3c332cc54481', 'fr', 'Plateau 46', '2 sushi saumon, 2 sushi thon, 6 california tempura crevette avocat cheese fraise, 6 california saumon avocat, 6 california saumon mangue, 6 california thon cuit pomme spicy, 6 spring poulet mangue menthe, 6 saumon roll cheese, 6 maki avocat.', CURRENT_TIMESTAMP, CURRENT_TIMESTAMP);
INSERT INTO product_translations (id, product_id, language, name, description, created_at, updated_at) VALUES ('ccf3da9a-e5c8-47b4-b04d-0471a6114945', '9e199415-feca-4ded-8eca-3c332cc54481', 'zh', '拼盘46', '2个三文鱼寿司、2个金枪鱼寿司、6个天妇罗虾牛油果草莓芝士加州卷、6个三文鱼牛油果加州卷、6个三文鱼芒果加州卷、6个辣熟金枪鱼苹果加州卷、6个鸡肉芒果薄荷春卷、6个三文鱼芝士卷、6个牛油果卷', CURRENT_TIMESTAMP, CURRENT_TIMESTAMP);
INSERT INTO product_translations (id, product_id, language, name, description, created_at, updated_at) VALUES ('9e199416-8951-497b-abc8-4e5a3a00f59a', '9e199416-524b-4005-a062-e05c986fa314', 'en', 'Platter 36', '2 salmon sushi, 2 shrimp sushi, 2 tuna sushi, 2 eel sushi, 2 salmon sashimi, 2 tuna sashimi, 6 spicy cooked tuna makis, 6 salmon mango California rolls, 6 salmon cheese California rolls, and 6 masago tempura shrimp avocado rolls.', CURRENT_TIMESTAMP, CURRENT_TIMESTAMP);
INSERT INTO product_translations (id, product_id, language, name, description, created_at, updated_at) VALUES ('9e199416-6e69-46e9-89da-84c23614135d', '9e199416-524b-4005-a062-e05c986fa314', 'fr', 'Plateau 36', '2 sushi saumon, 2 sushi crevettes, 2 sushi thon, 2 sushi anguille, 2 sashimi saumon, 2 sashimi thon, 6 makis thon cuit spicy, 6 California rolls saumon mangue, 6 California rolls saumon cheese et 6 masago rolls tempura crevettes avocat.', CURRENT_TIMESTAMP, CURRENT_TIMESTAMP);
INSERT INTO product_translations (id, product_id, language, name, description, created_at, updated_at) VALUES ('dd1c999b-1240-4f46-86f6-b6397c26d9df', '9e199416-524b-4005-a062-e05c986fa314', 'zh', '拼盘36', '2个三文鱼寿司、2个虾寿司、2个金枪鱼寿司、2个鳗鱼寿司、2片三文鱼刺身、2片金枪鱼刺身、6个辣熟金枪鱼卷、6个三文鱼芒果加州卷、6个三文鱼芝士加州卷、6个鱼子天妇罗虾牛油果卷', CURRENT_TIMESTAMP, CURRENT_TIMESTAMP);
INSERT INTO product_translations (id, product_id, language, name, description, created_at, updated_at) VALUES ('9e199416-d872-4f97-b1c5-4912edf38864', '9e199416-a3a3-48ac-b6b2-eb2b7925c899', 'en', 'M4', '1 chicken skewer, 1 beef with cheese skewer, 6 Japanese ravioli, 6 salmon avocado California rolls, 1 salmon sushi, 1 shrimp sushi, 1 avocado sushi, and 1 omelette sushi. Served with a soup of your choice.', CURRENT_TIMESTAMP, CURRENT_TIMESTAMP);
INSERT INTO product_translations (id, product_id, language, name, description, created_at, updated_at) VALUES ('9e199416-bd35-4d20-9434-009cb5840252', '9e199416-a3a3-48ac-b6b2-eb2b7925c899', 'fr', 'M4', '1 brochette de poulet, 1 brochette de bœuf au fromage, 6 ravioli japonais, 6 California saumon avocat, 1 sushi saumon, 1 sushi crevettes, 1 sushi avocat et 1 sushi omelette. Servi avec 1 soupe au choix.', CURRENT_TIMESTAMP, CURRENT_TIMESTAMP);
INSERT INTO product_translations (id, product_id, language, name, description, created_at, updated_at) VALUES ('4b98f8fa-1983-4e32-8737-6eb54a673a25', '9e199416-a3a3-48ac-b6b2-eb2b7925c899', 'zh', 'M4', '1串鸡肉串、1串芝士牛肉串、6个日式饺子、6个三文鱼牛油果加州卷、1个三文鱼寿司、1个虾寿司、1个牛油果寿司、1个玉子寿司，配1份汤（可选）', CURRENT_TIMESTAMP, CURRENT_TIMESTAMP);
INSERT INTO product_translations (id, product_id, language, name, description, created_at, updated_at) VALUES ('9e199417-2c5c-4c61-96e5-34f2ca9db45d', '9e199416-f4d9-47f2-b8dc-0c8327eeb7e0', 'en', 'Mixed sushi platter', '2 salmon sushi, 2 tuna sushi, 2 shrimp sushi, 2 caramelized cooked salmon sushi, 1 salmon egg gunkan, 1 octopus sushi, 1 shrimp tempura sushi, and 1 omelette sushi.', CURRENT_TIMESTAMP, CURRENT_TIMESTAMP);
INSERT INTO product_translations (id, product_id, language, name, description, created_at, updated_at) VALUES ('9e199417-12aa-4345-ad0b-d9c79674acad', '9e199416-f4d9-47f2-b8dc-0c8327eeb7e0', 'fr', 'Plateau sushi mix', '2 sushi saumon, 2 sushi thon, 2 sushi crevettes, 2 sushi saumon cuit caramélisé, 1 gunkan œufs saumon, 1 sushi poulpe, 1 sushi tempura crevettes et 1 sushi omelette.', CURRENT_TIMESTAMP, CURRENT_TIMESTAMP);
INSERT INTO product_translations (id, product_id, language, name, description, created_at, updated_at) VALUES ('c4aaa2a7-e2a7-4b3d-b00c-c9843d8f3a92', '9e199416-f4d9-47f2-b8dc-0c8327eeb7e0', 'zh', '什锦寿司拼盘', '2个三文鱼寿司、2个金枪鱼寿司、2个虾寿司、2个焦糖熟三文鱼寿司、1个三文鱼子军舰、1个章鱼寿司、1个天妇罗虾寿司、1个玉子寿司', CURRENT_TIMESTAMP, CURRENT_TIMESTAMP);
INSERT INTO product_translations (id, product_id, language, name, description, created_at, updated_at) VALUES ('9e199417-7d3b-4dbe-945d-e9c757af7d20', '9e199417-48c6-457a-999c-ddf84a61e059', 'en', '38 Piece Platter', '2 caramelized cooked salmon sushi, 2 grilled bream sushi, 2 shrimp sushi, 6 tempura shrimp spring rolls with fried onions, 6 chicken arugula honey California rolls, 6 cooked tuna spicy apple California rolls, 6 tempura shrimp avocado California rolls, and 8 onion rolls.', CURRENT_TIMESTAMP, CURRENT_TIMESTAMP);
INSERT INTO product_translations (id, product_id, language, name, description, created_at, updated_at) VALUES ('9e199417-63ab-4f86-8852-c6270f3e2aa1', '9e199417-48c6-457a-999c-ddf84a61e059', 'fr', 'Plateau 38 Pièces', '2 sushi saumon cuit caramélisé, 2 sushi daurade grillé, 2 sushi crevettes, 6 springs tempura crevettes oignons frits, 6 California poulet roquette miel, 6 California thon cuit pomme spicy, 6 California tempura crevettes avocat et 8 oignons rolls.', CURRENT_TIMESTAMP, CURRENT_TIMESTAMP);
INSERT INTO product_translations (id, product_id, language, name, description, created_at, updated_at) VALUES ('eb041545-19f9-42fe-ac32-cc09ea9fca75', '9e199417-48c6-457a-999c-ddf84a61e059', 'zh', '拼盘38', '2个焦糖熟三文鱼寿司、2个烤鲷鱼寿司、2个虾寿司、6个天妇罗虾炸洋葱春卷、6个鸡肉芝麻菜蜂蜜加州卷、6个辣熟金枪鱼苹果加州卷、6个天妇罗虾牛油果加州卷、8个洋葱卷', CURRENT_TIMESTAMP, CURRENT_TIMESTAMP);
INSERT INTO product_translations (id, product_id, language, name, description, created_at, updated_at) VALUES ('9e199417-d409-43fb-b8de-22715e296dc8', '9e199417-9a6e-47fd-be78-c12ee79cb784', 'en', 'Salmon Time', '4 salmon sushi, 6 salmon avocado California rolls, and 6 salmon cheese California rolls.', CURRENT_TIMESTAMP, CURRENT_TIMESTAMP);
INSERT INTO product_translations (id, product_id, language, name, description, created_at, updated_at) VALUES ('9e199417-b757-4598-b140-5be4feb84131', '9e199417-9a6e-47fd-be78-c12ee79cb784', 'fr', 'Saumon Time', '4 sushi saumon, 6 California saumon avocat et 6 California saumon cheese.', CURRENT_TIMESTAMP, CURRENT_TIMESTAMP);
INSERT INTO product_translations (id, product_id, language, name, description, created_at, updated_at) VALUES ('1b27d8da-e07e-4527-b69c-28169d5be6d1', '9e199417-9a6e-47fd-be78-c12ee79cb784', 'zh', '三文鱼时光', '4个三文鱼寿司、6个三文鱼牛油果加州卷、6个三文鱼芝士加州卷', CURRENT_TIMESTAMP, CURRENT_TIMESTAMP);
INSERT INTO product_translations (id, product_id, language, name, description, created_at, updated_at) VALUES ('9e199418-2a29-4227-9d9e-d4db10cc4383', '9e199417-ed89-4c19-b4a2-4f30998bcd44', 'en', '42 Piece Platter', '2 salmon sushi, 2 tuna sushi, 2 grilled bream sushi, 2 salmon avocado tulips, 2 salmon sashimi, 2 tuna sashimi, 3 salmon makis, 3 tuna makis, 6 salmon avocado California rolls, 6 chicken arugula honey California rolls, 6 fried onions foie gras honey, and 6 tempura shrimp onion spring rolls.', CURRENT_TIMESTAMP, CURRENT_TIMESTAMP);
INSERT INTO product_translations (id, product_id, language, name, description, created_at, updated_at) VALUES ('9e199418-09e9-4fc0-9d67-b504e307fb14', '9e199417-ed89-4c19-b4a2-4f30998bcd44', 'fr', 'Plateau 42 Pièces', '2 sushi saumon, 2 sushi thon, 2 sushi daurade grillées, 2 tulipes saumon avocat, 2 sashimi saumon, 2 sashimi thon, 3 makis saumon, 3 makis thon, 6 California saumon avocat, 6 California poulet roquette miel, 6 oignons frits foie gras miel et 6 springs rolls tempura crevettes oignons.', CURRENT_TIMESTAMP, CURRENT_TIMESTAMP);
INSERT INTO product_translations (id, product_id, language, name, description, created_at, updated_at) VALUES ('bdb1e970-a01e-40b2-bce1-df3470428f87', '9e199417-ed89-4c19-b4a2-4f30998bcd44', 'zh', '拼盘42', '2个三文鱼寿司、2个金枪鱼寿司、2个烤鲷鱼寿司、2个三文鱼牛油果郁金香、2片三文鱼刺身、2片金枪鱼刺身、3个三文鱼卷、3个金枪鱼卷、6个三文鱼牛油果加州卷、6个鸡肉芝麻菜蜂蜜加州卷、6个炸洋葱鹅肝蜂蜜卷、6个天妇罗虾洋葱春卷', CURRENT_TIMESTAMP, CURRENT_TIMESTAMP);
INSERT INTO product_translations (id, product_id, language, name, description, created_at, updated_at) VALUES ('9e199418-7a90-4724-b64a-764a6db5961c', '9e199418-44c3-4e92-81d5-99427e724fec', 'en', 'M3', '4 Japanese ravioli, 2 salmon sushi, 2 shrimp sushi, 2 tuna sushi, 2 bream sushi and 2 avocado sushi.', CURRENT_TIMESTAMP, CURRENT_TIMESTAMP);
INSERT INTO product_translations (id, product_id, language, name, description, created_at, updated_at) VALUES ('9e199418-5ea4-4b32-a5a7-fac587c72a76', '9e199418-44c3-4e92-81d5-99427e724fec', 'fr', 'M3', '4 ravioli japonais, 2 sushis saumon, 2 sushis crevettes, 2 sushis thon, 2 sushis daurade et 2 sushis avocat.', CURRENT_TIMESTAMP, CURRENT_TIMESTAMP);
INSERT INTO product_translations (id, product_id, language, name, description, created_at, updated_at) VALUES ('45a3e77f-a7de-4da4-838e-2e28a4b9de0c', '9e199418-44c3-4e92-81d5-99427e724fec', 'zh', 'M3', '4个日式饺子、2个三文鱼寿司、2个虾寿司、2个金枪鱼寿司、2个鲷鱼寿司、2个牛油果寿司', CURRENT_TIMESTAMP, CURRENT_TIMESTAMP);
INSERT INTO product_translations (id, product_id, language, name, description, created_at, updated_at) VALUES ('9e199418-cf5f-429c-912c-fe27668fd5b9', '9e199418-9af4-4160-989f-1fad121bd58a', 'en', 'M7', '4 shrimp tempura, 6 salmon makis, 6 tuna makis, 2 tuna sushi, 2 salmon sushi, 2 avocado sushi, 2 grilled bream sushi, 8 honey rolls, 6 tempura shrimp cheese, and 4 salmon sashimi. Served with 2 soups of your choice.', CURRENT_TIMESTAMP, CURRENT_TIMESTAMP);
INSERT INTO product_translations (id, product_id, language, name, description, created_at, updated_at) VALUES ('9e199418-b5af-4088-a4e5-b591e2de4068', '9e199418-9af4-4160-989f-1fad121bd58a', 'fr', 'M7', '4 tempura crevettes, 6 makis saumon, 6 makis thon, 2 sushi thon, 2 sushi saumon, 2 sushi avocat, 2 sushi daurade grillé, 8 miel rolls, 6 tempura crevettes cheese et 4 sashimi saumon. Servi avec 2 soupes au choix.', CURRENT_TIMESTAMP, CURRENT_TIMESTAMP);
INSERT INTO product_translations (id, product_id, language, name, description, created_at, updated_at) VALUES ('e62448c9-3053-4015-a1a5-f9fcb766e41a', '9e199418-9af4-4160-989f-1fad121bd58a', 'zh', 'M7', '4个天妇罗虾、6个三文鱼卷、6个金枪鱼卷、2个金枪鱼寿司、2个三文鱼寿司、2个牛油果寿司、2个烤鲷鱼寿司、8个蜂蜜卷、6个天妇罗虾芝士卷、4片三文鱼刺身，配2份汤（可选）', CURRENT_TIMESTAMP, CURRENT_TIMESTAMP);
INSERT INTO product_translations (id, product_id, language, name, description, created_at, updated_at) VALUES ('9e199419-2665-4dcd-b4f5-71e78a3f497a', '9e199418-e962-4969-a5bc-12dd47768537', 'en', 'M5', '4 Japanese ravioli, 2 salmon sushi, 2 tuna sushi, 3 tuna makis, 3 cucumber makis, 6 salmon avocado California rolls, 2 salmon sashimi, and 2 tuna sashimi. Served with 1 soup of your choice.', CURRENT_TIMESTAMP, CURRENT_TIMESTAMP);
INSERT INTO product_translations (id, product_id, language, name, description, created_at, updated_at) VALUES ('9e199419-08d3-4879-a7c7-2e3ad4997946', '9e199418-e962-4969-a5bc-12dd47768537', 'fr', 'M5', '4 ravioli japonais, 2 sushis saumon, 2 sushis thon, 3 makis thon, 3 makis concombres, 6 California saumon avocat, 2 sashimi saumon et 2 sashimi thon. Servi avec 1 soupe au choix.', CURRENT_TIMESTAMP, CURRENT_TIMESTAMP);
INSERT INTO product_translations (id, product_id, language, name, description, created_at, updated_at) VALUES ('1cabc7ec-15c6-4115-a0ec-ccb543ccc733', '9e199418-e962-4969-a5bc-12dd47768537', 'zh', 'M5', '4个日式饺子、2个三文鱼寿司、2个金枪鱼寿司、3个金枪鱼卷、3个黄瓜卷、6个三文鱼牛油果加州卷、2片三文鱼刺身、2片金枪鱼刺身，配1份汤（可选）', CURRENT_TIMESTAMP, CURRENT_TIMESTAMP);
INSERT INTO product_translations (id, product_id, language, name, description, created_at, updated_at) VALUES ('9e199419-79f9-46a3-bb4b-d85808122695', '9e199419-42ab-4c05-a91e-8aab6a24aa8f', 'en', 'Salmon sushi', '1 salmon sushi, 1 half-cooked salmon sushi, 1 caramelized half-cooked salmon sushi, 1 salmon cheese sushi, 1 salmon avocado sushi, and 1 salmon mango sushi.', CURRENT_TIMESTAMP, CURRENT_TIMESTAMP);
INSERT INTO product_translations (id, product_id, language, name, description, created_at, updated_at) VALUES ('9e199419-5c7e-445a-8e27-002d7faf422b', '9e199419-42ab-4c05-a91e-8aab6a24aa8f', 'fr', 'Sushi saumon', '1 sushi saumon, 1 sushi saumon mi-cuit, 1 sushi saumon mi-cuit caramélisé, 1 sushi saumon cheese, 1 sushi saumon avocat et 1 sushi saumon mangue.', CURRENT_TIMESTAMP, CURRENT_TIMESTAMP);
INSERT INTO product_translations (id, product_id, language, name, description, created_at, updated_at) VALUES ('997d61aa-8d5b-4b3c-a8a0-14353aa94b8a', '9e199419-42ab-4c05-a91e-8aab6a24aa8f', 'zh', '三文鱼寿司拼盘', '1个三文鱼寿司、1个半熟三文鱼寿司、1个焦糖半熟三文鱼寿司、1个三文鱼芝士寿司、1个三文鱼牛油果寿司、1个三文鱼芒果寿司', CURRENT_TIMESTAMP, CURRENT_TIMESTAMP);
INSERT INTO product_translations (id, product_id, language, name, description, created_at, updated_at) VALUES ('9e199419-cc06-4e97-a2e6-b96b1cce6243', '9e199419-97b6-49b7-8b04-afe46ac919a3', 'en', 'Platter 16', '6 salmon avocado California rolls, 6 tuna makis, 1 salmon sushi, 1 shrimp sushi, 1 tuna sushi, and 1 bream sushi.', CURRENT_TIMESTAMP, CURRENT_TIMESTAMP);
INSERT INTO product_translations (id, product_id, language, name, description, created_at, updated_at) VALUES ('9e199419-b12a-44de-be68-f8d6274bf348', '9e199419-97b6-49b7-8b04-afe46ac919a3', 'fr', 'Plateau 16', '6 California saumon avocat, 6 makis thon, 1 sushi saumon, 1 sushi crevettes, 1 sushi thon et 1 sushi daurade.', CURRENT_TIMESTAMP, CURRENT_TIMESTAMP);
INSERT INTO product_translations (id, product_id, language, name, description, created_at, updated_at) VALUES ('cac82044-aaf7-49b6-8c87-f70c97367af2', '9e199419-97b6-49b7-8b04-afe46ac919a3', 'zh', '拼盘16', '6个三文鱼牛油果加州卷、6个金枪鱼卷、1个三文鱼寿司、1个虾寿司、1个金枪鱼寿司、1个鲷鱼寿司', CURRENT_TIMESTAMP, CURRENT_TIMESTAMP);
INSERT INTO product_translations (id, product_id, language, name, description, created_at, updated_at) VALUES ('9e19941a-1e31-4ca2-9ded-420541f3fc54', '9e199419-e6b0-4026-8392-05232803ecd6', 'en', 'Platter Menu', '16 Japanese ravioli, 8 honey rolls, 4 salmon sushi, 4 shrimp sushi, 4 tuna sushi, 6 salmon makis, 6 tuna makis, 6 tuna avocado spring rolls, 6 salmon avocado California rolls, 6 salmon mango California rolls, 4 salmon sashimi, and 4 tuna sashimi. Served with 4 soups of your choice.', CURRENT_TIMESTAMP, CURRENT_TIMESTAMP);
INSERT INTO product_translations (id, product_id, language, name, description, created_at, updated_at) VALUES ('9e19941a-00ff-4269-8d51-79f494c9f8e5', '9e199419-e6b0-4026-8392-05232803ecd6', 'fr', 'Plateau Tokyo', '16 ravioli japonais, 8 miel rolls, 4 sushi saumon, 4 sushi crevettes, 4 sushi thon, 6 makis saumon, 6 makis thon, 6 spring rolls thon avocat, 6 California saumon avocat, 6 California saumon mangue, 4 sashimi saumon et 4 sashimi thon. Servi avec 4 soupes au choix.', CURRENT_TIMESTAMP, CURRENT_TIMESTAMP);
INSERT INTO product_translations (id, product_id, language, name, description, created_at, updated_at) VALUES ('bad9fa66-7792-466c-92cc-d012798d8e36', '9e199419-e6b0-4026-8392-05232803ecd6', 'zh', '东京拼盘', '16个日式饺子、8个蜂蜜卷、4个三文鱼寿司、4个虾寿司、4个金枪鱼寿司、6个三文鱼卷、6个金枪鱼卷、6个金枪鱼牛油果春卷、6个三文鱼牛油果加州卷、6个三文鱼芒果加州卷、4片三文鱼刺身、4片金枪鱼刺身，配4份汤（可选）', CURRENT_TIMESTAMP, CURRENT_TIMESTAMP);
INSERT INTO product_translations (id, product_id, language, name, description, created_at, updated_at) VALUES ('9e19941a-723c-448b-9d8a-516b43f54ccc', '9e19941a-3a0f-475d-8244-7cdf3f418f0a', 'en', 'Platter 80', '4 salmon sushi, 4 tuna sushi, 4 bream sushi, 4 avocado sushi, 6 salmon makis, 6 foie gras makis, 6 salmon avocado California rolls, 6 shrimp tempura avocado California rolls, 6 fried onion chicken, 6 tuna avocado spring rolls, 6 salmon mango spring rolls, 6 shrimp avocado cheese, 8 honey rolls, 4 salmon sashimi, and 4 tuna sashimi.', CURRENT_TIMESTAMP, CURRENT_TIMESTAMP);
INSERT INTO product_translations (id, product_id, language, name, description, created_at, updated_at) VALUES ('9e19941a-582b-4383-8fe0-0082bc4baf04', '9e19941a-3a0f-475d-8244-7cdf3f418f0a', 'fr', 'Plateau 80', '4 sushi saumon, 4 sushi thon, 4 sushi daurade, 4 sushi avocat, 6 makis saumon, 6 makis foie gras, 6 California saumon avocat, 6 California tempura crevettes avocat, 6 oignons frits poulet, 6 springs rolls thon avocat, 6 springs rolls saumon mangue, 6 crevettes avocat cheese, 8 miel rolls, 4 sashimi saumon et 4 sashimi thon.', CURRENT_TIMESTAMP, CURRENT_TIMESTAMP);
INSERT INTO product_translations (id, product_id, language, name, description, created_at, updated_at) VALUES ('f56c9f5e-7b97-4ea1-a81c-72719e14765d', '9e19941a-3a0f-475d-8244-7cdf3f418f0a', 'zh', '拼盘80', '4个三文鱼寿司、4个金枪鱼寿司、4个鲷鱼寿司、4个牛油果寿司、6个三文鱼卷、6个鹅肝卷、6个三文鱼牛油果加州卷、6个天妇罗虾牛油果加州卷、6个炸洋葱鸡肉卷、6个金枪鱼牛油果春卷、6个三文鱼芒果春卷、6个虾牛油果芝士卷、8个蜂蜜卷、4片三文鱼刺身、4片金枪鱼刺身', CURRENT_TIMESTAMP, CURRENT_TIMESTAMP);
INSERT INTO product_translations (id, product_id, language, name, description, created_at, updated_at) VALUES ('9e19941a-c2b9-4e33-9f65-cdac4949dde8', '9e19941a-8d93-4b09-a3a7-a26675346e53', 'en', 'Grilled Sushi Platter', '3 salmon sushi, 3 bream sushi, 2 Saint-Jacques sushi, 1 caramelized salmon sushi, and 1 foie gras sushi.', CURRENT_TIMESTAMP, CURRENT_TIMESTAMP);
INSERT INTO product_translations (id, product_id, language, name, description, created_at, updated_at) VALUES ('9e19941a-a83c-44dd-a2b7-966a996dd427', '9e19941a-8d93-4b09-a3a7-a26675346e53', 'fr', 'Plateau sushi grillé', '3 sushi saumon, 3 sushi daurade, 2 sushi Saint-Jacques, 1 sushi saumon caramélisé et 1 sushi foie gras.', CURRENT_TIMESTAMP, CURRENT_TIMESTAMP);
INSERT INTO product_translations (id, product_id, language, name, description, created_at, updated_at) VALUES ('ee6d75e7-ed9c-4c18-9cb4-47302940be36', '9e19941a-8d93-4b09-a3a7-a26675346e53', 'zh', '烤寿司拼盘', '3个三文鱼寿司、3个鲷鱼寿司、2个扇贝寿司、1个焦糖三文鱼寿司、1个鹅肝寿司', CURRENT_TIMESTAMP, CURRENT_TIMESTAMP);
INSERT INTO product_translations (id, product_id, language, name, description, created_at, updated_at) VALUES ('9e19941b-1032-4856-9fc4-4f2cbadce060', '9e19941a-dd58-4753-afed-1e51f4055f55', 'en', 'M6', '2 beef cheese skewers, 2 chicken skewers, 4 shrimp tempura, 4 Japanese ravioli, 8 onion rolls, 6 tuna makis, 6 salmon avocado California rolls, 6 tuna avocado spring rolls, and 4 salmon sashimi. Served with 2 soups of your choice.', CURRENT_TIMESTAMP, CURRENT_TIMESTAMP);
INSERT INTO product_translations (id, product_id, language, name, description, created_at, updated_at) VALUES ('9e19941a-f732-4af0-adf5-31abd317eee7', '9e19941a-dd58-4753-afed-1e51f4055f55', 'fr', 'M6', '2 brochettes de bœuf au fromage, 2 brochettes de poulet, 4 tempura crevettes, 4 ravioli japonais, 8 oignons rolls, 6 makis thon, 6 California saumon avocat, 6 springs rolls thon avocat et 4 sashimis saumon. Servi avec 2 soupes au choix.', CURRENT_TIMESTAMP, CURRENT_TIMESTAMP);
INSERT INTO product_translations (id, product_id, language, name, description, created_at, updated_at) VALUES ('f0e5f315-249d-45f8-8cce-f500427be08c', '9e19941a-dd58-4753-afed-1e51f4055f55', 'zh', 'M6', '2串芝士牛肉串、2串鸡肉串、4个天妇罗虾、4个日式饺子、8个洋葱卷、6个金枪鱼卷、6个三文鱼牛油果加州卷、6个金枪鱼牛油果春卷、4片三文鱼刺身，配2份汤（可选）', CURRENT_TIMESTAMP, CURRENT_TIMESTAMP);
INSERT INTO product_translations (id, product_id, language, name, description, created_at, updated_at) VALUES ('9e19953a-616a-4ddc-848e-10fcdb2c938b', '9e19953a-26ae-4cae-b821-56e909229ba0', 'en', 'Salmon', NULL, CURRENT_TIMESTAMP, CURRENT_TIMESTAMP);
INSERT INTO product_translations (id, product_id, language, name, description, created_at, updated_at) VALUES ('9e19953a-46f9-4dfc-b7ad-660ad7ba2aaf', '9e19953a-26ae-4cae-b821-56e909229ba0', 'fr', 'Saumon', NULL, CURRENT_TIMESTAMP, CURRENT_TIMESTAMP);
INSERT INTO product_translations (id, product_id, language, name, description, created_at, updated_at) VALUES ('6e05d296-5177-45c5-8723-6fd2ab40d651', '9e19953a-26ae-4cae-b821-56e909229ba0', 'zh', '三文鱼', NULL, CURRENT_TIMESTAMP, CURRENT_TIMESTAMP);
INSERT INTO product_translations (id, product_id, language, name, description, created_at, updated_at) VALUES ('9e19953a-b19a-486b-a8c6-da465c0d6c1d', '9e19953a-7a7c-45a6-90ef-7c5255517248', 'en', 'Shrimp', NULL, CURRENT_TIMESTAMP, CURRENT_TIMESTAMP);
INSERT INTO product_translations (id, product_id, language, name, description, created_at, updated_at) VALUES ('9e19953a-96b0-49a5-804c-dd391fd423dd', '9e19953a-7a7c-45a6-90ef-7c5255517248', 'fr', 'Crevette', NULL, CURRENT_TIMESTAMP, CURRENT_TIMESTAMP);
INSERT INTO product_translations (id, product_id, language, name, description, created_at, updated_at) VALUES ('457a5781-cb23-472b-82dc-02b653915539', '9e19953a-7a7c-45a6-90ef-7c5255517248', 'zh', '虾', NULL, CURRENT_TIMESTAMP, CURRENT_TIMESTAMP);
INSERT INTO product_translations (id, product_id, language, name, description, created_at, updated_at) VALUES ('9e19953a-fee7-41bb-984c-cef75d2e175e', '9e19953a-cac5-45d2-8f48-005cf97615b3', 'en', 'Tuna', NULL, CURRENT_TIMESTAMP, CURRENT_TIMESTAMP);
INSERT INTO product_translations (id, product_id, language, name, description, created_at, updated_at) VALUES ('9e19953a-e589-4ce6-b0f5-bccb69b13cc6', '9e19953a-cac5-45d2-8f48-005cf97615b3', 'fr', 'Thon', NULL, CURRENT_TIMESTAMP, CURRENT_TIMESTAMP);
INSERT INTO product_translations (id, product_id, language, name, description, created_at, updated_at) VALUES ('693c8550-21aa-427c-a37e-3316ce5d84e2', '9e19953a-cac5-45d2-8f48-005cf97615b3', 'zh', '金枪鱼', NULL, CURRENT_TIMESTAMP, CURRENT_TIMESTAMP);
INSERT INTO product_translations (id, product_id, language, name, description, created_at, updated_at) VALUES ('9e19953b-5545-4b8a-8f1c-bad4173f7093', '9e19953b-1ee4-4f6c-b6ac-33a90c7d7e16', 'en', 'Sea bream', NULL, CURRENT_TIMESTAMP, CURRENT_TIMESTAMP);
INSERT INTO product_translations (id, product_id, language, name, description, created_at, updated_at) VALUES ('9e19953b-39e3-4f00-abe4-b28b8c69c977', '9e19953b-1ee4-4f6c-b6ac-33a90c7d7e16', 'fr', 'Dorade', NULL, CURRENT_TIMESTAMP, CURRENT_TIMESTAMP);
INSERT INTO product_translations (id, product_id, language, name, description, created_at, updated_at) VALUES ('d0af1120-704e-42ed-811d-2cfdb51c9069', '9e19953b-1ee4-4f6c-b6ac-33a90c7d7e16', 'zh', '鲷鱼', NULL, CURRENT_TIMESTAMP, CURRENT_TIMESTAMP);
INSERT INTO product_translations (id, product_id, language, name, description, created_at, updated_at) VALUES ('9e19953b-a8cb-48be-958f-379c4e2a3e55', '9e19953b-6fb1-4517-bb50-7ed4af3450c2', 'en', 'Omelette', NULL, CURRENT_TIMESTAMP, CURRENT_TIMESTAMP);
INSERT INTO product_translations (id, product_id, language, name, description, created_at, updated_at) VALUES ('9e19953b-8df1-4d36-81fc-e2048b3891b9', '9e19953b-6fb1-4517-bb50-7ed4af3450c2', 'fr', 'Omelette', NULL, CURRENT_TIMESTAMP, CURRENT_TIMESTAMP);
INSERT INTO product_translations (id, product_id, language, name, description, created_at, updated_at) VALUES ('e0bdcd28-2402-4734-a0fa-f46f3e825a8a', '9e19953b-6fb1-4517-bb50-7ed4af3450c2', 'zh', '玉子', NULL, CURRENT_TIMESTAMP, CURRENT_TIMESTAMP);
INSERT INTO product_translations (id, product_id, language, name, description, created_at, updated_at) VALUES ('9e19953b-fc26-48d1-97cb-40fe36752fd7', '9e19953b-c669-4ddd-97c0-18c3aa6d4377', 'en', 'Octopus', NULL, CURRENT_TIMESTAMP, CURRENT_TIMESTAMP);
INSERT INTO product_translations (id, product_id, language, name, description, created_at, updated_at) VALUES ('9e19953b-dfe5-43e3-9c13-9d648f59499f', '9e19953b-c669-4ddd-97c0-18c3aa6d4377', 'fr', 'Poulpe', NULL, CURRENT_TIMESTAMP, CURRENT_TIMESTAMP);
INSERT INTO product_translations (id, product_id, language, name, description, created_at, updated_at) VALUES ('5b83deb5-1568-4527-9e28-9879feb0f118', '9e19953b-c669-4ddd-97c0-18c3aa6d4377', 'zh', '章鱼', NULL, CURRENT_TIMESTAMP, CURRENT_TIMESTAMP);
INSERT INTO product_translations (id, product_id, language, name, description, created_at, updated_at) VALUES ('9e19953c-4ea2-48ed-8acb-96f2ab473dea', '9e19953c-186e-4c8a-8b97-ea2c5675877c', 'en', 'Grilled sea bream', NULL, CURRENT_TIMESTAMP, CURRENT_TIMESTAMP);
INSERT INTO product_translations (id, product_id, language, name, description, created_at, updated_at) VALUES ('9e19953c-341b-4515-8950-8da52c0633be', '9e19953c-186e-4c8a-8b97-ea2c5675877c', 'fr', 'Dorade grillée', NULL, CURRENT_TIMESTAMP, CURRENT_TIMESTAMP);
INSERT INTO product_translations (id, product_id, language, name, description, created_at, updated_at) VALUES ('c44a5176-efbd-4642-84d9-3572b80741b4', '9e19953c-186e-4c8a-8b97-ea2c5675877c', 'zh', '烤鲷鱼', NULL, CURRENT_TIMESTAMP, CURRENT_TIMESTAMP);
INSERT INTO product_translations (id, product_id, language, name, description, created_at, updated_at) VALUES ('9e19953c-a3bb-40df-9367-74ae2f182cf8', '9e19953c-694e-4599-b7d0-bc57796aaa0a', 'en', 'Mackerel', NULL, CURRENT_TIMESTAMP, CURRENT_TIMESTAMP);
INSERT INTO product_translations (id, product_id, language, name, description, created_at, updated_at) VALUES ('9e19953c-89c1-486a-92dc-0bf97c919016', '9e19953c-694e-4599-b7d0-bc57796aaa0a', 'fr', 'Maquereau', NULL, CURRENT_TIMESTAMP, CURRENT_TIMESTAMP);
INSERT INTO product_translations (id, product_id, language, name, description, created_at, updated_at) VALUES ('6ff9b60f-7046-42ae-b655-04274c878682', '9e19953c-694e-4599-b7d0-bc57796aaa0a', 'zh', '鲭鱼', NULL, CURRENT_TIMESTAMP, CURRENT_TIMESTAMP);
INSERT INTO product_translations (id, product_id, language, name, description, created_at, updated_at) VALUES ('9e19953c-f57d-4b72-a395-a29ad24f8607', '9e19953c-bdfc-4db9-b67c-b505d6fe7095', 'en', 'Surimi', NULL, CURRENT_TIMESTAMP, CURRENT_TIMESTAMP);
INSERT INTO product_translations (id, product_id, language, name, description, created_at, updated_at) VALUES ('9e19953c-d84e-444a-a362-42d63d164d00', '9e19953c-bdfc-4db9-b67c-b505d6fe7095', 'fr', 'Surimi', NULL, CURRENT_TIMESTAMP, CURRENT_TIMESTAMP);
INSERT INTO product_translations (id, product_id, language, name, description, created_at, updated_at) VALUES ('6d6649b5-150e-40f4-87ca-744ea57296fe', '9e19953c-bdfc-4db9-b67c-b505d6fe7095', 'zh', '蟹肉棒', NULL, CURRENT_TIMESTAMP, CURRENT_TIMESTAMP);
INSERT INTO product_translations (id, product_id, language, name, description, created_at, updated_at) VALUES ('9e19953d-495b-4c03-af3a-c790bcd8dc6c', '9e19953d-11e6-4aa0-aa7c-a3b3db582322', 'en', 'Avocado', NULL, CURRENT_TIMESTAMP, CURRENT_TIMESTAMP);
INSERT INTO product_translations (id, product_id, language, name, description, created_at, updated_at) VALUES ('9e19953d-2eb4-437f-b1f2-35bf9b14c201', '9e19953d-11e6-4aa0-aa7c-a3b3db582322', 'fr', 'Avocat', NULL, CURRENT_TIMESTAMP, CURRENT_TIMESTAMP);
INSERT INTO product_translations (id, product_id, language, name, description, created_at, updated_at) VALUES ('fac3b490-23f6-4e71-98ec-a93d4b2e7114', '9e19953d-11e6-4aa0-aa7c-a3b3db582322', 'zh', '牛油果', NULL, CURRENT_TIMESTAMP, CURRENT_TIMESTAMP);
INSERT INTO product_translations (id, product_id, language, name, description, created_at, updated_at) VALUES ('9e19953d-95b6-416f-85c8-c5cfd3564768', '9e19953d-6410-4614-af9a-d92da8882d84', 'en', 'Eel', NULL, CURRENT_TIMESTAMP, CURRENT_TIMESTAMP);
INSERT INTO product_translations (id, product_id, language, name, description, created_at, updated_at) VALUES ('9e19953d-7ee0-46dc-9ace-6baa2b1aea83', '9e19953d-6410-4614-af9a-d92da8882d84', 'fr', 'Anguille', NULL, CURRENT_TIMESTAMP, CURRENT_TIMESTAMP);
INSERT INTO product_translations (id, product_id, language, name, description, created_at, updated_at) VALUES ('6af549e6-8f24-4739-bf12-ee22b0d1bb3c', '9e19953d-6410-4614-af9a-d92da8882d84', 'zh', '鳗鱼', NULL, CURRENT_TIMESTAMP, CURRENT_TIMESTAMP);
INSERT INTO product_translations (id, product_id, language, name, description, created_at, updated_at) VALUES ('9e19953d-e2d2-4390-8188-967ec8ca770e', '9e19953d-ae9a-4a9c-a9af-9a4ae65c6495', 'en', 'Semi-cooked salmon', NULL, CURRENT_TIMESTAMP, CURRENT_TIMESTAMP);
INSERT INTO product_translations (id, product_id, language, name, description, created_at, updated_at) VALUES ('9e19953d-ca35-41d8-9194-88fd941f1949', '9e19953d-ae9a-4a9c-a9af-9a4ae65c6495', 'fr', 'Saumon mi-cuit', NULL, CURRENT_TIMESTAMP, CURRENT_TIMESTAMP);
INSERT INTO product_translations (id, product_id, language, name, description, created_at, updated_at) VALUES ('4e7f67c2-a6ff-40fb-8ffc-28027efb5f6f', '9e19953d-ae9a-4a9c-a9af-9a4ae65c6495', 'zh', '半熟三文鱼', NULL, CURRENT_TIMESTAMP, CURRENT_TIMESTAMP);
INSERT INTO product_translations (id, product_id, language, name, description, created_at, updated_at) VALUES ('9e19953e-34d9-4595-b02a-c01904b499d8', '9e19953d-fd68-4bf8-8348-c8f5804b8275', 'en', 'Semi-cooked tuna', NULL, CURRENT_TIMESTAMP, CURRENT_TIMESTAMP);
INSERT INTO product_translations (id, product_id, language, name, description, created_at, updated_at) VALUES ('9e19953e-1a5c-4079-916a-a1b928f0bec0', '9e19953d-fd68-4bf8-8348-c8f5804b8275', 'fr', 'Thon mi-cuit', NULL, CURRENT_TIMESTAMP, CURRENT_TIMESTAMP);
INSERT INTO product_translations (id, product_id, language, name, description, created_at, updated_at) VALUES ('06f90f4d-88ba-4688-a44d-c1631cdbcfab', '9e19953d-fd68-4bf8-8348-c8f5804b8275', 'zh', '半熟金枪鱼', NULL, CURRENT_TIMESTAMP, CURRENT_TIMESTAMP);
INSERT INTO product_translations (id, product_id, language, name, description, created_at, updated_at) VALUES ('9e19953e-8711-4f80-9416-6b88e483761c', '9e19953e-4f46-4684-b6fd-7c56cf9137d1', 'en', 'Semi-cooked Saint-Jacques', NULL, CURRENT_TIMESTAMP, CURRENT_TIMESTAMP);
INSERT INTO product_translations (id, product_id, language, name, description, created_at, updated_at) VALUES ('9e19953e-6991-4de8-8794-641766b1ca17', '9e19953e-4f46-4684-b6fd-7c56cf9137d1', 'fr', 'Saint-Jacques mi-cuit', NULL, CURRENT_TIMESTAMP, CURRENT_TIMESTAMP);
INSERT INTO product_translations (id, product_id, language, name, description, created_at, updated_at) VALUES ('a26a1ceb-144b-4033-80f2-a3a7faa8f08a', '9e19953e-4f46-4684-b6fd-7c56cf9137d1', 'zh', '半熟扇贝', NULL, CURRENT_TIMESTAMP, CURRENT_TIMESTAMP);
INSERT INTO product_translations (id, product_id, language, name, description, created_at, updated_at) VALUES ('9e19953e-d366-44d8-b6d9-cf42bf886d9c', '9e19953e-a0fd-45b2-8144-0ad2988d7f5b', 'en', 'Tofu', NULL, CURRENT_TIMESTAMP, CURRENT_TIMESTAMP);
INSERT INTO product_translations (id, product_id, language, name, description, created_at, updated_at) VALUES ('9e19953e-bab0-4cc8-b06a-82f05f330d23', '9e19953e-a0fd-45b2-8144-0ad2988d7f5b', 'fr', 'Tofu', NULL, CURRENT_TIMESTAMP, CURRENT_TIMESTAMP);
INSERT INTO product_translations (id, product_id, language, name, description, created_at, updated_at) VALUES ('42e23ee2-ead8-439a-9aca-b0df9449489a', '9e19953e-a0fd-45b2-8144-0ad2988d7f5b', 'zh', '豆腐', NULL, CURRENT_TIMESTAMP, CURRENT_TIMESTAMP);
INSERT INTO product_translations (id, product_id, language, name, description, created_at, updated_at) VALUES ('9e19953f-29ad-4cca-92a3-6831ded2c04b', '9e19953e-ee69-40ed-b6e5-ce2cf24346a1', 'en', 'Salmon cheese', NULL, CURRENT_TIMESTAMP, CURRENT_TIMESTAMP);
INSERT INTO product_translations (id, product_id, language, name, description, created_at, updated_at) VALUES ('9e19953f-0c65-4705-8ae5-c02e62c664fa', '9e19953e-ee69-40ed-b6e5-ce2cf24346a1', 'fr', 'Saumon cheese', NULL, CURRENT_TIMESTAMP, CURRENT_TIMESTAMP);
INSERT INTO product_translations (id, product_id, language, name, description, created_at, updated_at) VALUES ('aeef3734-cb91-4ac9-ae49-d6cdd037776c', '9e19953e-ee69-40ed-b6e5-ce2cf24346a1', 'zh', '三文鱼芝士', NULL, CURRENT_TIMESTAMP, CURRENT_TIMESTAMP);
INSERT INTO product_translations (id, product_id, language, name, description, created_at, updated_at) VALUES ('9e19953f-7d2a-46e4-8ed9-9f51461b6d22', '9e19953f-435f-4b70-8d1d-abe969d1bf80', 'en', 'Foie gras', NULL, CURRENT_TIMESTAMP, CURRENT_TIMESTAMP);
INSERT INTO product_translations (id, product_id, language, name, description, created_at, updated_at) VALUES ('9e19953f-5f05-4661-bced-5c1d6e16cb99', '9e19953f-435f-4b70-8d1d-abe969d1bf80', 'fr', 'Foie gras', NULL, CURRENT_TIMESTAMP, CURRENT_TIMESTAMP);
INSERT INTO product_translations (id, product_id, language, name, description, created_at, updated_at) VALUES ('e98cd0e5-d2cb-4dec-b975-0f65922317a8', '9e19953f-435f-4b70-8d1d-abe969d1bf80', 'zh', '鹅肝', NULL, CURRENT_TIMESTAMP, CURRENT_TIMESTAMP);
INSERT INTO product_translations (id, product_id, language, name, description, created_at, updated_at) VALUES ('9e19953f-ce50-4349-b600-f7423cabd5c6', '9e19953f-9a2c-416a-bd9d-0b707095ccc6', 'en', 'Grilled mackerel', NULL, CURRENT_TIMESTAMP, CURRENT_TIMESTAMP);
INSERT INTO product_translations (id, product_id, language, name, description, created_at, updated_at) VALUES ('9e19953f-b4a9-4303-8d53-4ba4c6b7f945', '9e19953f-9a2c-416a-bd9d-0b707095ccc6', 'fr', 'Maquereau grillé', NULL, CURRENT_TIMESTAMP, CURRENT_TIMESTAMP);
INSERT INTO product_translations (id, product_id, language, name, description, created_at, updated_at) VALUES ('9e959d2c-7c2f-469c-93ef-92b5cce28b38', '9e19953f-9a2c-416a-bd9d-0b707095ccc6', 'zh', '烤鲭鱼', NULL, CURRENT_TIMESTAMP, CURRENT_TIMESTAMP);
INSERT INTO product_translations (id, product_id, language, name, description, created_at, updated_at) VALUES ('9e199540-2224-4f6b-85aa-77891bec7d33', '9e19953f-ebe2-4928-aa6b-46e02548658a', 'en', 'Caramelized cooked salmon', NULL, CURRENT_TIMESTAMP, CURRENT_TIMESTAMP);
INSERT INTO product_translations (id, product_id, language, name, description, created_at, updated_at) VALUES ('9e199540-05c8-49fd-9e2c-5d07573d46dc', '9e19953f-ebe2-4928-aa6b-46e02548658a', 'fr', 'Saumon cuit caramélisé', NULL, CURRENT_TIMESTAMP, CURRENT_TIMESTAMP);
INSERT INTO product_translations (id, product_id, language, name, description, created_at, updated_at) VALUES ('ce9b49ba-3e0d-4897-b57c-e9e430d64279', '9e19953f-ebe2-4928-aa6b-46e02548658a', 'zh', '焦糖熟三文鱼', NULL, CURRENT_TIMESTAMP, CURRENT_TIMESTAMP);
INSERT INTO product_translations (id, product_id, language, name, description, created_at, updated_at) VALUES ('9e199540-7414-4459-9049-d0c9d7ac1505', '9e199540-3e2e-4c99-99ca-782a32ff6964', 'en', 'Salmon avocado', NULL, CURRENT_TIMESTAMP, CURRENT_TIMESTAMP);
INSERT INTO product_translations (id, product_id, language, name, description, created_at, updated_at) VALUES ('9e199540-5946-4a1b-b477-391ad9ca1d5a', '9e199540-3e2e-4c99-99ca-782a32ff6964', 'fr', 'Saumon avocat', NULL, CURRENT_TIMESTAMP, CURRENT_TIMESTAMP);
INSERT INTO product_translations (id, product_id, language, name, description, created_at, updated_at) VALUES ('f0f39e8b-edd7-4055-9e53-20094b6fa078', '9e199540-3e2e-4c99-99ca-782a32ff6964', 'zh', '三文鱼牛油果', NULL, CURRENT_TIMESTAMP, CURRENT_TIMESTAMP);
INSERT INTO product_translations (id, product_id, language, name, description, created_at, updated_at) VALUES ('9e199541-013b-4591-8bff-67c11f4e054b', '9e199540-c809-4e79-b68e-8eedb472fcbb', 'en', 'Bento box 1', '2 chicken skewers + 3 Japanese chicken ravioli + crispy chicken + white rice + coleslaw + 6 California fried onion chicken.', CURRENT_TIMESTAMP, CURRENT_TIMESTAMP);
INSERT INTO product_translations (id, product_id, language, name, description, created_at, updated_at) VALUES ('9e199540-e1b6-4de4-a433-e463022fb362', '9e199540-c809-4e79-b68e-8eedb472fcbb', 'fr', 'Bento box 1', '2 brochettes de poulet + 3 raviolis japonais au poulet + poulet croustillant + riz blanc + salade de chou + 6 california oignons frits poulet.', CURRENT_TIMESTAMP, CURRENT_TIMESTAMP);
INSERT INTO product_translations (id, product_id, language, name, description, created_at, updated_at) VALUES ('074eabc6-4417-4edc-ad5f-89ee5dc194d5', '9e199540-c809-4e79-b68e-8eedb472fcbb', 'zh', '便当1', '2串鸡肉串 + 3个日式鸡肉饺子 + 脆皮鸡 + 白饭 + 卷心菜沙拉 + 6个炸洋葱鸡肉加州卷', CURRENT_TIMESTAMP, CURRENT_TIMESTAMP);
INSERT INTO product_translations (id, product_id, language, name, description, created_at, updated_at) VALUES ('9e199541-5052-4450-9282-0f300da16a63', '9e199541-1a4c-4079-8ab3-ca5dbdf83d69', 'en', 'Bento box 2', '2 shrimp tempura + 8 onions salmon avocado + grilled salmon + white rice + homemade salad.', CURRENT_TIMESTAMP, CURRENT_TIMESTAMP);
INSERT INTO product_translations (id, product_id, language, name, description, created_at, updated_at) VALUES ('9e199541-3645-4a0a-ba91-3f04b4f56ace', '9e199541-1a4c-4079-8ab3-ca5dbdf83d69', 'fr', 'Bento box 2', '2 tempura crevette + 8 oignons saumon avocat + saumon grillé + riz blanc + salade maison.', CURRENT_TIMESTAMP, CURRENT_TIMESTAMP);
INSERT INTO product_translations (id, product_id, language, name, description, created_at, updated_at) VALUES ('eef0d06b-43fb-48d3-8d8d-e43ba2cda11b', '9e199541-1a4c-4079-8ab3-ca5dbdf83d69', 'zh', '便当2', '2个天妇罗虾 + 8个洋葱三文鱼牛油果卷 + 烤三文鱼 + 白饭 + 自制沙拉', CURRENT_TIMESTAMP, CURRENT_TIMESTAMP);
INSERT INTO product_translations (id, product_id, language, name, description, created_at, updated_at) VALUES ('9e199541-a2c0-43cb-ab8f-3510744bf3a6', '9e199541-6bd3-493a-a591-a52906cad62f', 'en', 'Royal bento', 'Vinegar rice, salmon, avocado and mango tartare, 12 pieces of chef''s sushi (Japanese salmon mango mayo, crispy spicy mayo salmon, sweet halal chicken), small wakame and cabbage salad.', CURRENT_TIMESTAMP, CURRENT_TIMESTAMP);
INSERT INTO product_translations (id, product_id, language, name, description, created_at, updated_at) VALUES ('9e199541-8642-4a10-bc50-2a35a43d12ba', '9e199541-6bd3-493a-a591-a52906cad62f', 'fr', 'Bento royal', 'Riz vinaigré, tartare de saumon avocat et mangue, 12 pièces de sushi du chef (saumon mangue mayo japonais, crispy saumon mayo spicy, poulet sucré halal), petite salade wakame et choux.', CURRENT_TIMESTAMP, CURRENT_TIMESTAMP);
INSERT INTO product_translations (id, product_id, language, name, description, created_at, updated_at) VALUES ('f91f98ee-f7f2-4d7c-8684-baf1927d4ed1', '9e199541-6bd3-493a-a591-a52906cad62f', 'zh', '皇家便当', '醋饭、三文鱼、牛油果芒果他他、12片主厨精选寿司（日式三文鱼芒果蛋黄酱、脆辣三文鱼蛋黄酱、甜味清真鸡肉）、裙带菜卷心菜沙拉', CURRENT_TIMESTAMP, CURRENT_TIMESTAMP);
INSERT INTO product_translations (id, product_id, language, name, description, created_at, updated_at) VALUES ('9e199541-fb00-49dc-802d-21e7c698f5ca', '9e199541-bf2d-4a74-aaab-68113002a821', 'en', 'Vegetarian bento', 'Vinegar rice with edamame and sesame, avocado sushi rolls, mango cubes with corn, wakame salad, pickled radish, ginger, and wasabi.', CURRENT_TIMESTAMP, CURRENT_TIMESTAMP);
INSERT INTO product_translations (id, product_id, language, name, description, created_at, updated_at) VALUES ('9e199541-de25-4b40-a7ba-8442fa21cdbf', '9e199541-bf2d-4a74-aaab-68113002a821', 'fr', 'Bento végétarien', 'Riz vinaigré avec edamame et sésame, sushi rolls à l''avocat, cubes de mangue avec maïs, salade de wakame, radis vinaigré, gingembre et wasabi.', CURRENT_TIMESTAMP, CURRENT_TIMESTAMP);
INSERT INTO product_translations (id, product_id, language, name, description, created_at, updated_at) VALUES ('2dbdbc16-0de2-4548-b99a-3782ea20b252', '9e199541-bf2d-4a74-aaab-68113002a821', 'zh', '素食便当', '醋饭配毛豆芝麻、牛油果寿司卷、芒果玉米粒、裙带菜沙拉、腌萝卜、姜、芥末', CURRENT_TIMESTAMP, CURRENT_TIMESTAMP);
INSERT INTO product_translations (id, product_id, language, name, description, created_at, updated_at) VALUES ('9e199542-86ab-4479-aa89-3e86ad8ef168', '9e199542-4da7-4f4f-9ad9-6b5550b78fa5', 'en', 'Cucumber sesame', NULL, CURRENT_TIMESTAMP, CURRENT_TIMESTAMP);
INSERT INTO product_translations (id, product_id, language, name, description, created_at, updated_at) VALUES ('9e199542-69a5-4073-a7de-3c8d7ffb7cc3', '9e199542-4da7-4f4f-9ad9-6b5550b78fa5', 'fr', 'Concombre sésame', NULL, CURRENT_TIMESTAMP, CURRENT_TIMESTAMP);
INSERT INTO product_translations (id, product_id, language, name, description, created_at, updated_at) VALUES ('62f82d09-acfc-4886-8119-d61e105c3126', '9e199542-4da7-4f4f-9ad9-6b5550b78fa5', 'zh', '芝麻黄瓜', '', CURRENT_TIMESTAMP, CURRENT_TIMESTAMP);
INSERT INTO product_translations (id, product_id, language, name, description, created_at, updated_at) VALUES ('9e199542-d910-400a-95f8-262a0e80f493', '9e199542-a275-45e8-82c3-9282215ec5ca', 'en', 'Avocado', NULL, CURRENT_TIMESTAMP, CURRENT_TIMESTAMP);
INSERT INTO product_translations (id, product_id, language, name, description, created_at, updated_at) VALUES ('9e199542-bf0e-4bb6-a0ca-67b678e227e3', '9e199542-a275-45e8-82c3-9282215ec5ca', 'fr', 'Avocat', NULL, CURRENT_TIMESTAMP, CURRENT_TIMESTAMP);
INSERT INTO product_translations (id, product_id, language, name, description, created_at, updated_at) VALUES ('47c539b1-595a-4713-8eaf-be85fd1fc38a', '9e199542-a275-45e8-82c3-9282215ec5ca', 'zh', '牛油果', NULL, CURRENT_TIMESTAMP, CURRENT_TIMESTAMP);
INSERT INTO product_translations (id, product_id, language, name, description, created_at, updated_at) VALUES ('9e199543-291d-48d9-b679-c563c9e62361', '9e199542-f4be-4380-bb0c-16516bcc8378', 'en', 'Surimi', NULL, CURRENT_TIMESTAMP, CURRENT_TIMESTAMP);
INSERT INTO product_translations (id, product_id, language, name, description, created_at, updated_at) VALUES ('9e199543-0f56-4245-916e-a22d58cc4422', '9e199542-f4be-4380-bb0c-16516bcc8378', 'fr', 'Surimi', NULL, CURRENT_TIMESTAMP, CURRENT_TIMESTAMP);
INSERT INTO product_translations (id, product_id, language, name, description, created_at, updated_at) VALUES ('ea7efb32-7e67-4e89-b51f-380ea1ae68e3', '9e199542-f4be-4380-bb0c-16516bcc8378', 'zh', '蟹肉棒', NULL, CURRENT_TIMESTAMP, CURRENT_TIMESTAMP);
INSERT INTO product_translations (id, product_id, language, name, description, created_at, updated_at) VALUES ('9e199543-7bef-4362-a718-6237d9bbee3e', '9e199543-4570-4d37-9714-5e045377a450', 'en', 'Japanese radish', NULL, CURRENT_TIMESTAMP, CURRENT_TIMESTAMP);
INSERT INTO product_translations (id, product_id, language, name, description, created_at, updated_at) VALUES ('9e199543-5fbf-4699-b99d-f820caf8c9bd', '9e199543-4570-4d37-9714-5e045377a450', 'fr', 'Radis japonais', NULL, CURRENT_TIMESTAMP, CURRENT_TIMESTAMP);
INSERT INTO product_translations (id, product_id, language, name, description, created_at, updated_at) VALUES ('7abed622-4127-4eea-819e-3aff692c9e00', '9e199543-4570-4d37-9714-5e045377a450', 'zh', '日式萝卜', NULL, CURRENT_TIMESTAMP, CURRENT_TIMESTAMP);
INSERT INTO product_translations (id, product_id, language, name, description, created_at, updated_at) VALUES ('9e199543-cdd9-428e-925f-197a218ce503', '9e199543-9676-4015-ba2e-76376a789588', 'en', 'Cucumber cheese', NULL, CURRENT_TIMESTAMP, CURRENT_TIMESTAMP);
INSERT INTO product_translations (id, product_id, language, name, description, created_at, updated_at) VALUES ('9e199543-b53f-4a7a-8d9f-1a242b8f5d24', '9e199543-9676-4015-ba2e-76376a789588', 'fr', 'Cheese concombre', NULL, CURRENT_TIMESTAMP, CURRENT_TIMESTAMP);
INSERT INTO product_translations (id, product_id, language, name, description, created_at, updated_at) VALUES ('836ef5f5-5c41-497d-a61d-89b1605ed22b', '9e199543-9676-4015-ba2e-76376a789588', 'zh', '黄瓜芝士', NULL, CURRENT_TIMESTAMP, CURRENT_TIMESTAMP);
INSERT INTO product_translations (id, product_id, language, name, description, created_at, updated_at) VALUES ('9e199544-2101-4288-beb6-5c4d845feba0', '9e199543-e7df-462d-85d8-b1709b3ec46d', 'en', 'Avocado cheese', NULL, CURRENT_TIMESTAMP, CURRENT_TIMESTAMP);
INSERT INTO product_translations (id, product_id, language, name, description, created_at, updated_at) VALUES ('9e199544-0489-4674-b9f7-df4d3275e77d', '9e199543-e7df-462d-85d8-b1709b3ec46d', 'fr', 'Cheese avocat', NULL, CURRENT_TIMESTAMP, CURRENT_TIMESTAMP);
INSERT INTO product_translations (id, product_id, language, name, description, created_at, updated_at) VALUES ('21844fb4-76a1-4620-babc-e4fb011aa71e', '9e199543-e7df-462d-85d8-b1709b3ec46d', 'zh', '牛油果芝士', NULL, CURRENT_TIMESTAMP, CURRENT_TIMESTAMP);
INSERT INTO product_translations (id, product_id, language, name, description, created_at, updated_at) VALUES ('9e199544-715c-43be-91c0-dcf6d571901b', '9e199544-3dba-4630-8de1-85f3084b368f', 'en', 'Eel', NULL, CURRENT_TIMESTAMP, CURRENT_TIMESTAMP);
INSERT INTO product_translations (id, product_id, language, name, description, created_at, updated_at) VALUES ('9e199544-576a-475b-b053-af2ac7f3a58b', '9e199544-3dba-4630-8de1-85f3084b368f', 'fr', 'Anguille', NULL, CURRENT_TIMESTAMP, CURRENT_TIMESTAMP);
INSERT INTO product_translations (id, product_id, language, name, description, created_at, updated_at) VALUES ('651710cc-5c08-4799-88c2-2343c9cf7ab4', '9e199544-3dba-4630-8de1-85f3084b368f', 'zh', '鳗鱼', NULL, CURRENT_TIMESTAMP, CURRENT_TIMESTAMP);
INSERT INTO product_translations (id, product_id, language, name, description, created_at, updated_at) VALUES ('9e199544-c69e-43d7-805d-e41ee499d526', '9e199544-8c16-4c76-8a9d-44252a31237d', 'en', 'Salmon', NULL, CURRENT_TIMESTAMP, CURRENT_TIMESTAMP);
INSERT INTO product_translations (id, product_id, language, name, description, created_at, updated_at) VALUES ('9e199544-a77e-45b4-bea7-650e5f96e296', '9e199544-8c16-4c76-8a9d-44252a31237d', 'fr', 'Saumon', NULL, CURRENT_TIMESTAMP, CURRENT_TIMESTAMP);
INSERT INTO product_translations (id, product_id, language, name, description, created_at, updated_at) VALUES ('321b1051-4fd9-45a6-b7c2-a9994eaccc87', '9e199544-8c16-4c76-8a9d-44252a31237d', 'zh', '三文鱼', NULL, CURRENT_TIMESTAMP, CURRENT_TIMESTAMP);
INSERT INTO product_translations (id, product_id, language, name, description, created_at, updated_at) VALUES ('9e199545-1798-4612-b0c9-5147863d8666', '9e199544-e19c-4f9e-8bdb-51678a565bf3', 'en', 'Tuna', NULL, CURRENT_TIMESTAMP, CURRENT_TIMESTAMP);
INSERT INTO product_translations (id, product_id, language, name, description, created_at, updated_at) VALUES ('9e199544-fc3d-4a5d-8d16-d148b9778c3c', '9e199544-e19c-4f9e-8bdb-51678a565bf3', 'fr', 'Thon', NULL, CURRENT_TIMESTAMP, CURRENT_TIMESTAMP);
INSERT INTO product_translations (id, product_id, language, name, description, created_at, updated_at) VALUES ('4b194b2f-58c8-4256-a9ae-313320fac3c4', '9e199544-e19c-4f9e-8bdb-51678a565bf3', 'zh', '金枪鱼', NULL, CURRENT_TIMESTAMP, CURRENT_TIMESTAMP);
INSERT INTO product_translations (id, product_id, language, name, description, created_at, updated_at) VALUES ('9e199545-6b98-4ca2-81bb-82c2c349471c', '9e199545-302f-4c29-ab37-6ef6906c56bd', 'en', 'Shrimp tempura', NULL, CURRENT_TIMESTAMP, CURRENT_TIMESTAMP);
INSERT INTO product_translations (id, product_id, language, name, description, created_at, updated_at) VALUES ('9e199545-4e78-4e6f-ac3d-161072615ef3', '9e199545-302f-4c29-ab37-6ef6906c56bd', 'fr', 'Tempura crevette', NULL, CURRENT_TIMESTAMP, CURRENT_TIMESTAMP);
INSERT INTO product_translations (id, product_id, language, name, description, created_at, updated_at) VALUES ('33da72fc-b53f-4fb6-a302-2ef45ab138b0', '9e199545-302f-4c29-ab37-6ef6906c56bd', 'zh', '天妇罗虾', NULL, CURRENT_TIMESTAMP, CURRENT_TIMESTAMP);
INSERT INTO product_translations (id, product_id, language, name, description, created_at, updated_at) VALUES ('9e199545-bb0b-44ea-bf36-5d36bee0682c', '9e199545-876e-42cb-b55e-274726fec030', 'en', 'Spicy salmon', NULL, CURRENT_TIMESTAMP, CURRENT_TIMESTAMP);
INSERT INTO product_translations (id, product_id, language, name, description, created_at, updated_at) VALUES ('9e199545-a11d-48da-8e95-afc617224e9c', '9e199545-876e-42cb-b55e-274726fec030', 'fr', 'Saumon spicy', NULL, CURRENT_TIMESTAMP, CURRENT_TIMESTAMP);
INSERT INTO product_translations (id, product_id, language, name, description, created_at, updated_at) VALUES ('edb764e9-9b7c-4131-b221-fd65f46258d4', '9e199545-876e-42cb-b55e-274726fec030', 'zh', '辣三文鱼', NULL, CURRENT_TIMESTAMP, CURRENT_TIMESTAMP);
INSERT INTO product_translations (id, product_id, language, name, description, created_at, updated_at) VALUES ('9e199546-0b69-41a3-b696-c8c982489085', '9e199545-d3fc-4cc7-a18c-c869aa9d8ff3', 'en', 'Sea bream mango', NULL, CURRENT_TIMESTAMP, CURRENT_TIMESTAMP);
INSERT INTO product_translations (id, product_id, language, name, description, created_at, updated_at) VALUES ('9e199545-ef06-430c-9391-08e64514b7bd', '9e199545-d3fc-4cc7-a18c-c869aa9d8ff3', 'fr', 'Dorade mangue', NULL, CURRENT_TIMESTAMP, CURRENT_TIMESTAMP);
INSERT INTO product_translations (id, product_id, language, name, description, created_at, updated_at) VALUES ('a3b44e04-9050-427d-884d-5f358359b6a9', '9e199545-d3fc-4cc7-a18c-c869aa9d8ff3', 'zh', '鲷鱼芒果', NULL, CURRENT_TIMESTAMP, CURRENT_TIMESTAMP);
INSERT INTO product_translations (id, product_id, language, name, description, created_at, updated_at) VALUES ('9e199546-5ea3-4616-92f0-320ab33de88a', '9e199546-2615-48ae-8c4d-64d0018de6c3', 'en', 'Spicy cooked tuna', NULL, CURRENT_TIMESTAMP, CURRENT_TIMESTAMP);
INSERT INTO product_translations (id, product_id, language, name, description, created_at, updated_at) VALUES ('9e199546-405a-4580-a780-a3320be0028e', '9e199546-2615-48ae-8c4d-64d0018de6c3', 'fr', 'Thon cuit spicy', NULL, CURRENT_TIMESTAMP, CURRENT_TIMESTAMP);
INSERT INTO product_translations (id, product_id, language, name, description, created_at, updated_at) VALUES ('fd89032d-45b1-44f7-b2e8-98283cfb6957', '9e199546-2615-48ae-8c4d-64d0018de6c3', 'zh', '辣熟金枪鱼', NULL, CURRENT_TIMESTAMP, CURRENT_TIMESTAMP);
INSERT INTO product_translations (id, product_id, language, name, description, created_at, updated_at) VALUES ('9e199546-b136-4281-8403-e81ecdbdb0b3', '9e199546-7b48-478e-8912-d78112d76a06', 'en', 'Tuna and chives tartare', NULL, CURRENT_TIMESTAMP, CURRENT_TIMESTAMP);
INSERT INTO product_translations (id, product_id, language, name, description, created_at, updated_at) VALUES ('9e199546-94f5-4300-ac42-f1f9fdae806b', '9e199546-7b48-478e-8912-d78112d76a06', 'fr', 'Tartare thon ciboulette', NULL, CURRENT_TIMESTAMP, CURRENT_TIMESTAMP);
INSERT INTO product_translations (id, product_id, language, name, description, created_at, updated_at) VALUES ('530c2052-4caf-4c20-a994-6c2580c6556f', '9e199546-7b48-478e-8912-d78112d76a06', 'zh', '金枪鱼香葱他他', NULL, CURRENT_TIMESTAMP, CURRENT_TIMESTAMP);
INSERT INTO product_translations (id, product_id, language, name, description, created_at, updated_at) VALUES ('9e199547-0266-44bd-80e7-dcdcd8ce4f61', '9e199546-ccd5-4b08-9c6f-18dfd5a162a3', 'en', 'Mango', NULL, CURRENT_TIMESTAMP, CURRENT_TIMESTAMP);
INSERT INTO product_translations (id, product_id, language, name, description, created_at, updated_at) VALUES ('9e199546-e8b4-475b-852b-7a535b6d987d', '9e199546-ccd5-4b08-9c6f-18dfd5a162a3', 'fr', 'Mangue', NULL, CURRENT_TIMESTAMP, CURRENT_TIMESTAMP);
INSERT INTO product_translations (id, product_id, language, name, description, created_at, updated_at) VALUES ('406c5af9-a27f-492f-9412-397d608577e4', '9e199546-ccd5-4b08-9c6f-18dfd5a162a3', 'zh', '芒果', NULL, CURRENT_TIMESTAMP, CURRENT_TIMESTAMP);
INSERT INTO product_translations (id, product_id, language, name, description, created_at, updated_at) VALUES ('9e199547-524e-4da3-8661-c08d6f463474', '9e199547-1bd1-4f2f-a5df-6bc65c9bdab2', 'en', 'Chives cheese', NULL, CURRENT_TIMESTAMP, CURRENT_TIMESTAMP);
INSERT INTO product_translations (id, product_id, language, name, description, created_at, updated_at) VALUES ('9e199547-3795-49f6-a44a-a4fdd48413f8', '9e199547-1bd1-4f2f-a5df-6bc65c9bdab2', 'fr', 'Ciboulette cheese', NULL, CURRENT_TIMESTAMP, CURRENT_TIMESTAMP);
INSERT INTO product_translations (id, product_id, language, name, description, created_at, updated_at) VALUES ('177dbd59-1fc4-4d4c-9c25-6455cd6fd379', '9e199547-1bd1-4f2f-a5df-6bc65c9bdab2', 'zh', '香葱芝士', NULL, CURRENT_TIMESTAMP, CURRENT_TIMESTAMP);
INSERT INTO product_translations (id, product_id, language, name, description, created_at, updated_at) VALUES ('9e199547-9fa5-469b-a029-c395e942d09b', '9e199547-6bf3-4dee-b243-6da4a09356e8', 'en', 'Foie gras', NULL, CURRENT_TIMESTAMP, CURRENT_TIMESTAMP);
INSERT INTO product_translations (id, product_id, language, name, description, created_at, updated_at) VALUES ('9e199547-8765-439b-ae89-2cad49aa6786', '9e199547-6bf3-4dee-b243-6da4a09356e8', 'fr', 'Foie gras', NULL, CURRENT_TIMESTAMP, CURRENT_TIMESTAMP);
INSERT INTO product_translations (id, product_id, language, name, description, created_at, updated_at) VALUES ('4c1f9219-e5b6-420a-b5d6-76a3a9e6304c', '9e199547-6bf3-4dee-b243-6da4a09356e8', 'zh', '鹅肝', NULL, CURRENT_TIMESTAMP, CURRENT_TIMESTAMP);
INSERT INTO product_translations (id, product_id, language, name, description, created_at, updated_at) VALUES ('9e199547-f2b2-41f6-afd0-792c0fa18bb4', '9e199547-bca6-4818-93b7-4920efed878d', 'en', 'Salmon roll cheese', NULL, CURRENT_TIMESTAMP, CURRENT_TIMESTAMP);
INSERT INTO product_translations (id, product_id, language, name, description, created_at, updated_at) VALUES ('9e199547-d6c3-4454-9ca8-e8c9a45f3f87', '9e199547-bca6-4818-93b7-4920efed878d', 'fr', 'Saumon roll cheese', NULL, CURRENT_TIMESTAMP, CURRENT_TIMESTAMP);
INSERT INTO product_translations (id, product_id, language, name, description, created_at, updated_at) VALUES ('ecad29f6-e75f-4e1d-89f8-29a4f3c7d01b', '9e199547-bca6-4818-93b7-4920efed878d', 'zh', '三文鱼芝士卷', NULL, CURRENT_TIMESTAMP, CURRENT_TIMESTAMP);
INSERT INTO product_translations (id, product_id, language, name, description, created_at, updated_at) VALUES ('9e199548-7892-4269-af6c-3c68706a32e1', '9e199548-4254-4874-a63f-07eea06d0310', 'en', 'Salmon avocado', NULL, CURRENT_TIMESTAMP, CURRENT_TIMESTAMP);
INSERT INTO product_translations (id, product_id, language, name, description, created_at, updated_at) VALUES ('9e199548-5de6-4680-b4c5-a74a9a4bb550', '9e199548-4254-4874-a63f-07eea06d0310', 'fr', 'Saumon avocat', NULL, CURRENT_TIMESTAMP, CURRENT_TIMESTAMP);
INSERT INTO product_translations (id, product_id, language, name, description, created_at, updated_at) VALUES ('c8c66228-581c-4a8f-b7ec-3c284900f866', '9e199548-4254-4874-a63f-07eea06d0310', 'zh', '三文鱼牛油果', NULL, CURRENT_TIMESTAMP, CURRENT_TIMESTAMP);
INSERT INTO product_translations (id, product_id, language, name, description, created_at, updated_at) VALUES ('9e199548-d401-4b7e-b0f5-89b25dfd2520', '9e199548-9a1d-481a-8d02-17ea3723a739', 'en', 'Tuna avocado', NULL, CURRENT_TIMESTAMP, CURRENT_TIMESTAMP);
INSERT INTO product_translations (id, product_id, language, name, description, created_at, updated_at) VALUES ('9e199548-b98f-4ed0-815b-108c66f21286', '9e199548-9a1d-481a-8d02-17ea3723a739', 'fr', 'Thon avocat', NULL, CURRENT_TIMESTAMP, CURRENT_TIMESTAMP);
INSERT INTO product_translations (id, product_id, language, name, description, created_at, updated_at) VALUES ('0dbc5190-0a52-420d-8147-96efdd7748b1', '9e199548-9a1d-481a-8d02-17ea3723a739', 'zh', '金枪鱼牛油果', NULL, CURRENT_TIMESTAMP, CURRENT_TIMESTAMP);
INSERT INTO product_translations (id, product_id, language, name, description, created_at, updated_at) VALUES ('9e199549-21db-4b7f-a721-c9cced1287cf', '9e199548-ee6a-4df9-bd07-c944c24d72a6', 'en', 'Cheese avocado', NULL, CURRENT_TIMESTAMP, CURRENT_TIMESTAMP);
INSERT INTO product_translations (id, product_id, language, name, description, created_at, updated_at) VALUES ('9e199549-08e3-4c7c-8299-4f2c7f77784b', '9e199548-ee6a-4df9-bd07-c944c24d72a6', 'fr', 'Avocat cheese', NULL, CURRENT_TIMESTAMP, CURRENT_TIMESTAMP);
INSERT INTO product_translations (id, product_id, language, name, description, created_at, updated_at) VALUES ('7fe76668-ab4b-44a9-a8d1-0ee48168d91f', '9e199548-ee6a-4df9-bd07-c944c24d72a6', 'zh', '芝士牛油果', NULL, CURRENT_TIMESTAMP, CURRENT_TIMESTAMP);
INSERT INTO product_translations (id, product_id, language, name, description, created_at, updated_at) VALUES ('9e199549-71d2-410a-bb53-d8dbe77c0c89', '9e199549-3f08-41b0-8eb6-1608c39462b9', 'en', 'Salmon eggs', NULL, CURRENT_TIMESTAMP, CURRENT_TIMESTAMP);
INSERT INTO product_translations (id, product_id, language, name, description, created_at, updated_at) VALUES ('9e199549-5865-4634-acb7-66b6e355ddb2', '9e199549-3f08-41b0-8eb6-1608c39462b9', 'fr', 'Oeufs de saumon', NULL, CURRENT_TIMESTAMP, CURRENT_TIMESTAMP);
INSERT INTO product_translations (id, product_id, language, name, description, created_at, updated_at) VALUES ('5da37a5e-ab1f-441d-8550-a32733083c5a', '9e199549-3f08-41b0-8eb6-1608c39462b9', 'zh', '三文鱼子', NULL, CURRENT_TIMESTAMP, CURRENT_TIMESTAMP);
INSERT INTO product_translations (id, product_id, language, name, description, created_at, updated_at) VALUES ('9e199549-c77c-447e-9b30-b72434863528', '9e199549-8d3a-42f8-805b-2aa1b7d41c3d', 'en', 'Fish eggs', NULL, CURRENT_TIMESTAMP, CURRENT_TIMESTAMP);
INSERT INTO product_translations (id, product_id, language, name, description, created_at, updated_at) VALUES ('9e199549-ac02-4be1-a5c0-4ef2422915ad', '9e199549-8d3a-42f8-805b-2aa1b7d41c3d', 'fr', 'Oeufs de poisson', NULL, CURRENT_TIMESTAMP, CURRENT_TIMESTAMP);
INSERT INTO product_translations (id, product_id, language, name, description, created_at, updated_at) VALUES ('4cc5577c-71aa-4403-b961-7478117ae921', '9e199549-8d3a-42f8-805b-2aa1b7d41c3d', 'zh', '鱼子', NULL, CURRENT_TIMESTAMP, CURRENT_TIMESTAMP);
INSERT INTO product_translations (id, product_id, language, name, description, created_at, updated_at) VALUES ('9e19954a-17b4-4e32-a968-ac5da2a7383b', '9e199549-e0f2-4f29-9488-ab0d7cc3a2c5', 'en', 'Tuna-chives tartare', NULL, CURRENT_TIMESTAMP, CURRENT_TIMESTAMP);
INSERT INTO product_translations (id, product_id, language, name, description, created_at, updated_at) VALUES ('9e199549-fb55-4919-9336-23df454170f5', '9e199549-e0f2-4f29-9488-ab0d7cc3a2c5', 'fr', 'Tartare thon ciboulette', NULL, CURRENT_TIMESTAMP, CURRENT_TIMESTAMP);
INSERT INTO product_translations (id, product_id, language, name, description, created_at, updated_at) VALUES ('a9c3c459-bdf7-42af-9ada-d6b77c3c3c03', '9e199549-e0f2-4f29-9488-ab0d7cc3a2c5', 'zh', '金枪鱼香葱他他', NULL, CURRENT_TIMESTAMP, CURRENT_TIMESTAMP);
INSERT INTO product_translations (id, product_id, language, name, description, created_at, updated_at) VALUES ('9e19954a-693d-4904-9b4c-957db4cb416f', '9e19954a-31b2-48da-ba57-7c02b8b14001', 'en', 'Mango bream', NULL, CURRENT_TIMESTAMP, CURRENT_TIMESTAMP);
INSERT INTO product_translations (id, product_id, language, name, description, created_at, updated_at) VALUES ('9e19954a-4b43-4625-870c-1aa26aab3e15', '9e19954a-31b2-48da-ba57-7c02b8b14001', 'fr', 'Dorade mangue', NULL, CURRENT_TIMESTAMP, CURRENT_TIMESTAMP);
INSERT INTO product_translations (id, product_id, language, name, description, created_at, updated_at) VALUES ('e4033a5e-9926-437d-a97b-53ec38c6bd4f', '9e19954a-31b2-48da-ba57-7c02b8b14001', 'zh', '芒果鲷鱼', NULL, CURRENT_TIMESTAMP, CURRENT_TIMESTAMP);
INSERT INTO product_translations (id, product_id, language, name, description, created_at, updated_at) VALUES ('9e19954a-b908-4f58-a545-a79e89110472', '9e19954a-83ea-4b1c-84ff-1856b024102c', 'en', 'Salmon-cheese tartare', NULL, CURRENT_TIMESTAMP, CURRENT_TIMESTAMP);
INSERT INTO product_translations (id, product_id, language, name, description, created_at, updated_at) VALUES ('9e19954a-9dc2-4f0d-a72c-5437e8230116', '9e19954a-83ea-4b1c-84ff-1856b024102c', 'fr', 'Tartare saumon cheese', NULL, CURRENT_TIMESTAMP, CURRENT_TIMESTAMP);
INSERT INTO product_translations (id, product_id, language, name, description, created_at, updated_at) VALUES ('598ea617-961c-43ec-b6b0-8d21ce12da6c', '9e19954a-83ea-4b1c-84ff-1856b024102c', 'zh', '三文鱼芝士他他', NULL, CURRENT_TIMESTAMP, CURRENT_TIMESTAMP);
INSERT INTO product_translations (id, product_id, language, name, description, created_at, updated_at) VALUES ('9e19954b-42a3-451a-a6f8-4a8160700aa4', '9e19954b-0cd5-406a-8df7-4aadd4a5720f', 'en', 'Salmon avocado', NULL, CURRENT_TIMESTAMP, CURRENT_TIMESTAMP);
INSERT INTO product_translations (id, product_id, language, name, description, created_at, updated_at) VALUES ('9e19954b-267e-41ba-bac2-3ce41b3b0b83', '9e19954b-0cd5-406a-8df7-4aadd4a5720f', 'fr', 'Saumon avocat', NULL, CURRENT_TIMESTAMP, CURRENT_TIMESTAMP);
INSERT INTO product_translations (id, product_id, language, name, description, created_at, updated_at) VALUES ('df2297de-9648-42c5-bf7f-913856f79e1b', '9e19954b-0cd5-406a-8df7-4aadd4a5720f', 'zh', '三文鱼牛油果', NULL, CURRENT_TIMESTAMP, CURRENT_TIMESTAMP);
INSERT INTO product_translations (id, product_id, language, name, description, created_at, updated_at) VALUES ('9e19954b-8fbc-40c5-b2ca-849116576702', '9e19954b-5c42-4bfa-ab76-3528a2e4d566', 'en', 'Tuna avocado', NULL, CURRENT_TIMESTAMP, CURRENT_TIMESTAMP);
INSERT INTO product_translations (id, product_id, language, name, description, created_at, updated_at) VALUES ('9e19954b-76fd-40e7-a505-e03822a49421', '9e19954b-5c42-4bfa-ab76-3528a2e4d566', 'fr', 'Thon avocat', NULL, CURRENT_TIMESTAMP, CURRENT_TIMESTAMP);
INSERT INTO product_translations (id, product_id, language, name, description, created_at, updated_at) VALUES ('8f59117c-a182-4933-850e-8b4ff3c16728', '9e19954b-5c42-4bfa-ab76-3528a2e4d566', 'zh', '金枪鱼牛油果', NULL, CURRENT_TIMESTAMP, CURRENT_TIMESTAMP);
INSERT INTO product_translations (id, product_id, language, name, description, created_at, updated_at) VALUES ('9e19954b-e22f-4561-a8c0-c6eb3b2ec70a', '9e19954b-aa27-4fc2-8fc4-45b190cd0070', 'en', 'Smoked salmon cheese chives', NULL, CURRENT_TIMESTAMP, CURRENT_TIMESTAMP);
INSERT INTO product_translations (id, product_id, language, name, description, created_at, updated_at) VALUES ('9e19954b-c867-4ee8-baff-c2378861b960', '9e19954b-aa27-4fc2-8fc4-45b190cd0070', 'fr', 'Saumon fumé cheese ciboulette', NULL, CURRENT_TIMESTAMP, CURRENT_TIMESTAMP);
INSERT INTO product_translations (id, product_id, language, name, description, created_at, updated_at) VALUES ('1c6ddf3c-3525-4a62-b935-9db890e471be', '9e19954b-aa27-4fc2-8fc4-45b190cd0070', 'zh', '烟熏三文鱼芝士香葱', NULL, CURRENT_TIMESTAMP, CURRENT_TIMESTAMP);
INSERT INTO product_translations (id, product_id, language, name, description, created_at, updated_at) VALUES ('9e19954c-2ec8-4748-b489-085dcf754ace', '9e19954b-fbc0-42b4-afac-6298a37bdd0e', 'en', 'Breaded chicken mayonnaise', NULL, CURRENT_TIMESTAMP, CURRENT_TIMESTAMP);
INSERT INTO product_translations (id, product_id, language, name, description, created_at, updated_at) VALUES ('9e19954c-1545-42d0-96bd-8229558c6ab3', '9e19954b-fbc0-42b4-afac-6298a37bdd0e', 'fr', 'Poulet pané mayonnaise', NULL, CURRENT_TIMESTAMP, CURRENT_TIMESTAMP);
INSERT INTO product_translations (id, product_id, language, name, description, created_at, updated_at) VALUES ('6b66610d-f86a-4d24-9339-c47712a56668', '9e19954b-fbc0-42b4-afac-6298a37bdd0e', 'zh', '炸鸡蛋黄酱', NULL, CURRENT_TIMESTAMP, CURRENT_TIMESTAMP);
INSERT INTO product_translations (id, product_id, language, name, description, created_at, updated_at) VALUES ('9e19954c-7eca-421a-b7b9-85150a67965e', '9e19954c-4815-4903-a06b-27ccda8191d1', 'en', 'Salmon mango', NULL, CURRENT_TIMESTAMP, CURRENT_TIMESTAMP);
INSERT INTO product_translations (id, product_id, language, name, description, created_at, updated_at) VALUES ('9e19954c-6370-4375-b550-62d3e76eedf3', '9e19954c-4815-4903-a06b-27ccda8191d1', 'fr', 'Saumon mangue', NULL, CURRENT_TIMESTAMP, CURRENT_TIMESTAMP);
INSERT INTO product_translations (id, product_id, language, name, description, created_at, updated_at) VALUES ('eb983c26-131f-4af5-9eaa-e7dc82898fac', '9e19954c-4815-4903-a06b-27ccda8191d1', 'zh', '三文鱼芒果', NULL, CURRENT_TIMESTAMP, CURRENT_TIMESTAMP);
INSERT INTO product_translations (id, product_id, language, name, description, created_at, updated_at) VALUES ('9e19954c-d1e5-46cd-bd0b-b62992cd0216', '9e19954c-9b59-40a1-97ea-4eb96998ead6', 'en', 'Tempura shrimp fried onions', NULL, CURRENT_TIMESTAMP, CURRENT_TIMESTAMP);
INSERT INTO product_translations (id, product_id, language, name, description, created_at, updated_at) VALUES ('9e19954c-b5d5-4da4-a912-ebf097c44a76', '9e19954c-9b59-40a1-97ea-4eb96998ead6', 'fr', 'Tempura crevette oignons frits', NULL, CURRENT_TIMESTAMP, CURRENT_TIMESTAMP);
INSERT INTO product_translations (id, product_id, language, name, description, created_at, updated_at) VALUES ('7694f198-2b28-4653-af08-fc825fd0e964', '9e19954c-9b59-40a1-97ea-4eb96998ead6', 'zh', '天妇罗虾炸洋葱', NULL, CURRENT_TIMESTAMP, CURRENT_TIMESTAMP);
INSERT INTO product_translations (id, product_id, language, name, description, created_at, updated_at) VALUES ('9e19954d-240e-43be-825d-d2184a1f8cef', '9e19954c-eca8-4b7c-a5e6-84de5114e914', 'en', 'Chicken mango mint', NULL, CURRENT_TIMESTAMP, CURRENT_TIMESTAMP);
INSERT INTO product_translations (id, product_id, language, name, description, created_at, updated_at) VALUES ('9e19954d-0779-4cc6-b0c8-61014c3714b8', '9e19954c-eca8-4b7c-a5e6-84de5114e914', 'fr', 'Poulet mangue menthe', NULL, CURRENT_TIMESTAMP, CURRENT_TIMESTAMP);
INSERT INTO product_translations (id, product_id, language, name, description, created_at, updated_at) VALUES ('d2cf242e-2260-4485-bfff-f8cf8caaa093', '9e19954c-eca8-4b7c-a5e6-84de5114e914', 'zh', '鸡肉芒果薄荷', '', CURRENT_TIMESTAMP, CURRENT_TIMESTAMP);
INSERT INTO product_translations (id, product_id, language, name, description, created_at, updated_at) VALUES ('9e19954d-7324-493a-92f5-0a1de46d8396', '9e19954d-3d56-45df-8bf2-699c1399250f', 'en', 'Foie gras mango', NULL, CURRENT_TIMESTAMP, CURRENT_TIMESTAMP);
INSERT INTO product_translations (id, product_id, language, name, description, created_at, updated_at) VALUES ('9e19954d-5831-478b-ac1f-7cb041eeb2c3', '9e19954d-3d56-45df-8bf2-699c1399250f', 'fr', 'Foie gras mangue', NULL, CURRENT_TIMESTAMP, CURRENT_TIMESTAMP);
INSERT INTO product_translations (id, product_id, language, name, description, created_at, updated_at) VALUES ('ca4669e4-e25b-4b51-886a-bd60fcdbb971', '9e19954d-3d56-45df-8bf2-699c1399250f', 'zh', '鹅肝芒果', '', CURRENT_TIMESTAMP, CURRENT_TIMESTAMP);
INSERT INTO product_translations (id, product_id, language, name, description, created_at, updated_at) VALUES ('9e19954d-bf82-4ea9-8813-487334492084', '9e19954d-8b68-4c92-b67b-16d67ee6c443', 'en', 'Salmon cheese', NULL, CURRENT_TIMESTAMP, CURRENT_TIMESTAMP);
INSERT INTO product_translations (id, product_id, language, name, description, created_at, updated_at) VALUES ('9e19954d-a4a5-43f0-9043-fc8ee820f43f', '9e19954d-8b68-4c92-b67b-16d67ee6c443', 'fr', 'Saumon cheese', NULL, CURRENT_TIMESTAMP, CURRENT_TIMESTAMP);
INSERT INTO product_translations (id, product_id, language, name, description, created_at, updated_at) VALUES ('f4e8d117-ed81-45f3-953a-5404e201189f', '9e19954d-8b68-4c92-b67b-16d67ee6c443', 'zh', '三文鱼芝士', '', CURRENT_TIMESTAMP, CURRENT_TIMESTAMP);
INSERT INTO product_translations (id, product_id, language, name, description, created_at, updated_at) VALUES ('9e19954e-4751-4af2-be6e-f7b81fe57ce6', '9e19954e-0e67-4aa0-aa09-b3d8a5bf328f', 'en', 'Salmon avocado', NULL, CURRENT_TIMESTAMP, CURRENT_TIMESTAMP);
INSERT INTO product_translations (id, product_id, language, name, description, created_at, updated_at) VALUES ('9e19954e-2a40-4084-8b07-5470cb264264', '9e19954e-0e67-4aa0-aa09-b3d8a5bf328f', 'fr', 'Saumon avocat', NULL, CURRENT_TIMESTAMP, CURRENT_TIMESTAMP);
INSERT INTO product_translations (id, product_id, language, name, description, created_at, updated_at) VALUES ('4ca89fbf-1f86-4013-8c3d-ddb7b408cec2', '9e19954e-0e67-4aa0-aa09-b3d8a5bf328f', 'zh', '三文鱼牛油果', NULL, CURRENT_TIMESTAMP, CURRENT_TIMESTAMP);
INSERT INTO product_translations (id, product_id, language, name, description, created_at, updated_at) VALUES ('9e19954e-94c4-4c03-a30e-e58c31e09bbd', '9e19954e-6003-4a49-b2af-df6fede19123', 'en', 'Tuna avocado', NULL, CURRENT_TIMESTAMP, CURRENT_TIMESTAMP);
INSERT INTO product_translations (id, product_id, language, name, description, created_at, updated_at) VALUES ('9e19954e-78f3-4da0-a33f-9e2392b10d10', '9e19954e-6003-4a49-b2af-df6fede19123', 'fr', 'Thon avocat', NULL, CURRENT_TIMESTAMP, CURRENT_TIMESTAMP);
INSERT INTO product_translations (id, product_id, language, name, description, created_at, updated_at) VALUES ('187f1824-7664-408a-931e-61974ceb7bd2', '9e19954e-6003-4a49-b2af-df6fede19123', 'zh', '金枪鱼牛油果', NULL, CURRENT_TIMESTAMP, CURRENT_TIMESTAMP);
INSERT INTO product_translations (id, product_id, language, name, description, created_at, updated_at) VALUES ('9e19954e-e800-4a1f-98f8-82300feb728c', '9e19954e-ae99-4c38-804d-2858a0532b38', 'en', 'Surimi avocado', NULL, CURRENT_TIMESTAMP, CURRENT_TIMESTAMP);
INSERT INTO product_translations (id, product_id, language, name, description, created_at, updated_at) VALUES ('9e19954e-caf0-4000-bd8e-7ad58fc15f12', '9e19954e-ae99-4c38-804d-2858a0532b38', 'fr', 'Surimi avocat', NULL, CURRENT_TIMESTAMP, CURRENT_TIMESTAMP);
INSERT INTO product_translations (id, product_id, language, name, description, created_at, updated_at) VALUES ('25882fd5-8570-4914-ba59-e9859e83d803', '9e19954e-ae99-4c38-804d-2858a0532b38', 'zh', '蟹肉棒牛油果', NULL, CURRENT_TIMESTAMP, CURRENT_TIMESTAMP);
INSERT INTO product_translations (id, product_id, language, name, description, created_at, updated_at) VALUES ('9e19954f-39be-4c62-9344-faa308fd459f', '9e19954f-0438-40e9-9ee8-52daa8568bf1', 'en', 'Tempura shrimp avocado', NULL, CURRENT_TIMESTAMP, CURRENT_TIMESTAMP);
INSERT INTO product_translations (id, product_id, language, name, description, created_at, updated_at) VALUES ('9e19954f-1f5d-49bd-8586-c02e1967a29d', '9e19954f-0438-40e9-9ee8-52daa8568bf1', 'fr', 'Tempura crevette avocat', NULL, CURRENT_TIMESTAMP, CURRENT_TIMESTAMP);
INSERT INTO product_translations (id, product_id, language, name, description, created_at, updated_at) VALUES ('a304db9b-fe86-4f2f-8e9d-15ddc863896d', '9e19954f-0438-40e9-9ee8-52daa8568bf1', 'zh', '天妇罗虾牛油果', NULL, CURRENT_TIMESTAMP, CURRENT_TIMESTAMP);
INSERT INTO product_translations (id, product_id, language, name, description, created_at, updated_at) VALUES ('9e19954f-8b40-41d7-8a30-5224229dddd9', '9e19954f-5351-413e-a71c-0128e7554272', 'en', 'Tempura shrimp cheese', NULL, CURRENT_TIMESTAMP, CURRENT_TIMESTAMP);
INSERT INTO product_translations (id, product_id, language, name, description, created_at, updated_at) VALUES ('9e19954f-6fdf-4f81-b38e-2afd897bcf43', '9e19954f-5351-413e-a71c-0128e7554272', 'fr', 'Tempura crevette cheese', NULL, CURRENT_TIMESTAMP, CURRENT_TIMESTAMP);
INSERT INTO product_translations (id, product_id, language, name, description, created_at, updated_at) VALUES ('0aa34aa6-318b-4593-b98f-3a0b10e07420', '9e19954f-5351-413e-a71c-0128e7554272', 'zh', '天妇罗虾芝士', NULL, CURRENT_TIMESTAMP, CURRENT_TIMESTAMP);
INSERT INTO product_translations (id, product_id, language, name, description, created_at, updated_at) VALUES ('9e19954f-de90-4083-98e4-aa925e410a24', '9e19954f-a670-4161-abe5-decd4cb3e3bd', 'en', 'Salmon mango', NULL, CURRENT_TIMESTAMP, CURRENT_TIMESTAMP);
INSERT INTO product_translations (id, product_id, language, name, description, created_at, updated_at) VALUES ('9e19954f-c2a0-4bcf-a2f5-20d0067dbe31', '9e19954f-a670-4161-abe5-decd4cb3e3bd', 'fr', 'Saumon mangue', NULL, CURRENT_TIMESTAMP, CURRENT_TIMESTAMP);
INSERT INTO product_translations (id, product_id, language, name, description, created_at, updated_at) VALUES ('c49d44d1-683a-43c5-b0ac-2ec53d83893d', '9e19954f-a670-4161-abe5-decd4cb3e3bd', 'zh', '三文鱼芒果', NULL, CURRENT_TIMESTAMP, CURRENT_TIMESTAMP);
INSERT INTO product_translations (id, product_id, language, name, description, created_at, updated_at) VALUES ('9e199550-33f2-4146-8313-b67c293b78a6', '9e19954f-fa9d-4d22-8e30-526f7dd2c856', 'en', 'Shrimp avocado cheese', NULL, CURRENT_TIMESTAMP, CURRENT_TIMESTAMP);
INSERT INTO product_translations (id, product_id, language, name, description, created_at, updated_at) VALUES ('9e199550-1677-4c98-a3d2-0f7d8e5690bc', '9e19954f-fa9d-4d22-8e30-526f7dd2c856', 'fr', 'Crevette avocat cheese', NULL, CURRENT_TIMESTAMP, CURRENT_TIMESTAMP);
INSERT INTO product_translations (id, product_id, language, name, description, created_at, updated_at) VALUES ('3af2ce98-abbc-482d-b061-a7f74dcf3634', '9e19954f-fa9d-4d22-8e30-526f7dd2c856', 'zh', '虾牛油果芝士', NULL, CURRENT_TIMESTAMP, CURRENT_TIMESTAMP);
INSERT INTO product_translations (id, product_id, language, name, description, created_at, updated_at) VALUES ('9e199550-8486-4783-acd1-2349e9af156f', '9e199550-4d83-4e01-9f7a-da093c44d84e', 'en', 'Fried onions chicken', NULL, CURRENT_TIMESTAMP, CURRENT_TIMESTAMP);
INSERT INTO product_translations (id, product_id, language, name, description, created_at, updated_at) VALUES ('9e199550-6858-42d2-8890-620bb655e47c', '9e199550-4d83-4e01-9f7a-da093c44d84e', 'fr', 'Oignons frits poulet', NULL, CURRENT_TIMESTAMP, CURRENT_TIMESTAMP);
INSERT INTO product_translations (id, product_id, language, name, description, created_at, updated_at) VALUES ('4d312238-3465-4b85-915c-3ed6ab2ce5ca', '9e199550-4d83-4e01-9f7a-da093c44d84e', 'zh', '炸洋葱鸡肉', NULL, CURRENT_TIMESTAMP, CURRENT_TIMESTAMP);
INSERT INTO product_translations (id, product_id, language, name, description, created_at, updated_at) VALUES ('9e199550-d3ed-4cb5-8286-034c505382eb', '9e199550-9fab-4954-aa41-0e7e5ce9bbe8', 'en', 'Cooked tuna spicy apple', NULL, CURRENT_TIMESTAMP, CURRENT_TIMESTAMP);
INSERT INTO product_translations (id, product_id, language, name, description, created_at, updated_at) VALUES ('9e199550-ba20-4bbe-8948-46f28e2f915a', '9e199550-9fab-4954-aa41-0e7e5ce9bbe8', 'fr', 'Thon cuit pomme spicy', NULL, CURRENT_TIMESTAMP, CURRENT_TIMESTAMP);
INSERT INTO product_translations (id, product_id, language, name, description, created_at, updated_at) VALUES ('03264d7d-c094-4c00-b3b8-6c99cb22efb6', '9e199550-9fab-4954-aa41-0e7e5ce9bbe8', 'zh', '辣熟金枪鱼苹果', NULL, CURRENT_TIMESTAMP, CURRENT_TIMESTAMP);
INSERT INTO product_translations (id, product_id, language, name, description, created_at, updated_at) VALUES ('9e199551-29dd-455b-b116-0ed6d9815dc5', '9e199550-f18d-4884-a34f-5fb66f606158', 'en', 'Vegetarian', NULL, CURRENT_TIMESTAMP, CURRENT_TIMESTAMP);
INSERT INTO product_translations (id, product_id, language, name, description, created_at, updated_at) VALUES ('9e199551-0e26-4a88-b20c-7d69ee47bf3c', '9e199550-f18d-4884-a34f-5fb66f606158', 'fr', 'Végétarien', NULL, CURRENT_TIMESTAMP, CURRENT_TIMESTAMP);
INSERT INTO product_translations (id, product_id, language, name, description, created_at, updated_at) VALUES ('bafc3067-15d6-4199-ad5a-3fbe61ce08ab', '9e199550-f18d-4884-a34f-5fb66f606158', 'zh', '素食', NULL, CURRENT_TIMESTAMP, CURRENT_TIMESTAMP);
INSERT INTO product_translations (id, product_id, language, name, description, created_at, updated_at) VALUES ('9e199551-7a01-4b60-8315-2bbf68432a95', '9e199551-4365-4c3e-9b75-085d1ffe150f', 'en', 'Salmon cheese', NULL, CURRENT_TIMESTAMP, CURRENT_TIMESTAMP);
INSERT INTO product_translations (id, product_id, language, name, description, created_at, updated_at) VALUES ('9e199551-5f89-4a0a-a420-78009148940f', '9e199551-4365-4c3e-9b75-085d1ffe150f', 'fr', 'Saumon cheese', NULL, CURRENT_TIMESTAMP, CURRENT_TIMESTAMP);
INSERT INTO product_translations (id, product_id, language, name, description, created_at, updated_at) VALUES ('e277e6a0-ff73-4d7d-ab9b-c3df1d38b27d', '9e199551-4365-4c3e-9b75-085d1ffe150f', 'zh', '三文鱼芝士', NULL, CURRENT_TIMESTAMP, CURRENT_TIMESTAMP);
INSERT INTO product_translations (id, product_id, language, name, description, created_at, updated_at) VALUES ('9e199551-ca2d-4878-b350-f3aa3b7eb61f', '9e199551-963f-4be1-a353-1651aab9fd99', 'en', 'Fried chicken salad honey', NULL, CURRENT_TIMESTAMP, CURRENT_TIMESTAMP);
INSERT INTO product_translations (id, product_id, language, name, description, created_at, updated_at) VALUES ('9e199551-afcf-4d1f-8f5d-2138e60c24d6', '9e199551-963f-4be1-a353-1651aab9fd99', 'fr', 'Poulet frit roquette miel', NULL, CURRENT_TIMESTAMP, CURRENT_TIMESTAMP);
INSERT INTO product_translations (id, product_id, language, name, description, created_at, updated_at) VALUES ('67d8a730-12f7-4743-a3b6-c7faa8245311', '9e199551-963f-4be1-a353-1651aab9fd99', 'zh', '炸鸡沙拉蜂蜜', NULL, CURRENT_TIMESTAMP, CURRENT_TIMESTAMP);
INSERT INTO product_translations (id, product_id, language, name, description, created_at, updated_at) VALUES ('9e199552-1bcf-4a68-b9b8-6210b412c95b', '9e199551-e3fd-4d37-8d70-3ecdc8982c51', 'en', 'Fried onions foie gras honey', NULL, CURRENT_TIMESTAMP, CURRENT_TIMESTAMP);
INSERT INTO product_translations (id, product_id, language, name, description, created_at, updated_at) VALUES ('9e199552-01f9-4815-a291-f1ec8d533b6a', '9e199551-e3fd-4d37-8d70-3ecdc8982c51', 'fr', 'Oignons frits foie gras miel', NULL, CURRENT_TIMESTAMP, CURRENT_TIMESTAMP);
INSERT INTO product_translations (id, product_id, language, name, description, created_at, updated_at) VALUES ('aaf76630-60d7-4866-aaaf-1f21bd6df452', '9e199551-e3fd-4d37-8d70-3ecdc8982c51', 'zh', '炸洋葱鹅肝蜂蜜', NULL, CURRENT_TIMESTAMP, CURRENT_TIMESTAMP);
INSERT INTO product_translations (id, product_id, language, name, description, created_at, updated_at) VALUES ('9e199552-6ad2-4e7e-88d6-8838530b5e82', '9e199552-35b8-4c4c-8c58-07b73e3026a8', 'en', 'Tempura shrimp coriander spicy', NULL, CURRENT_TIMESTAMP, CURRENT_TIMESTAMP);
INSERT INTO product_translations (id, product_id, language, name, description, created_at, updated_at) VALUES ('9e199552-5025-4fa4-b5d0-3d0fdd54cfb8', '9e199552-35b8-4c4c-8c58-07b73e3026a8', 'fr', 'Tempura crevette coriandre piquant', NULL, CURRENT_TIMESTAMP, CURRENT_TIMESTAMP);
INSERT INTO product_translations (id, product_id, language, name, description, created_at, updated_at) VALUES ('8e524a57-b1da-47b8-a3eb-59d2ab0049b3', '9e199552-35b8-4c4c-8c58-07b73e3026a8', 'zh', '辣天妇罗虾香菜', NULL, CURRENT_TIMESTAMP, CURRENT_TIMESTAMP);
INSERT INTO product_translations (id, product_id, language, name, description, created_at, updated_at) VALUES ('9e199552-bef3-425d-9e18-68520f50c300', '9e199552-84ae-4d78-aaf5-51ffad68ca0f', 'en', 'Tempura shrimp avocado cheese strawberry', NULL, CURRENT_TIMESTAMP, CURRENT_TIMESTAMP);
INSERT INTO product_translations (id, product_id, language, name, description, created_at, updated_at) VALUES ('9e199552-a01b-484c-9bda-51784bd1ca05', '9e199552-84ae-4d78-aaf5-51ffad68ca0f', 'fr', 'Tempura crevette avocat cheese fraise', NULL, CURRENT_TIMESTAMP, CURRENT_TIMESTAMP);
INSERT INTO product_translations (id, product_id, language, name, description, created_at, updated_at) VALUES ('bd489d81-41e6-4843-a5b0-8ba4ac64625e', '9e199552-84ae-4d78-aaf5-51ffad68ca0f', 'zh', '天妇罗虾牛油果芝士草莓', NULL, CURRENT_TIMESTAMP, CURRENT_TIMESTAMP);
INSERT INTO product_translations (id, product_id, language, name, description, created_at, updated_at) VALUES ('9e199553-0c55-472e-b304-43f0c495dcc6', '9e199552-d88d-4cd7-96c4-b749e4dec863', 'en', 'Spicy chicken', NULL, CURRENT_TIMESTAMP, CURRENT_TIMESTAMP);
INSERT INTO product_translations (id, product_id, language, name, description, created_at, updated_at) VALUES ('9e199552-f31d-4c49-bf96-11a8308e8b7d', '9e199552-d88d-4cd7-96c4-b749e4dec863', 'fr', 'Poulet piquant', NULL, CURRENT_TIMESTAMP, CURRENT_TIMESTAMP);
INSERT INTO product_translations (id, product_id, language, name, description, created_at, updated_at) VALUES ('63acb3b8-4eaf-480e-ae50-a583fdf35b0e', '9e199552-d88d-4cd7-96c4-b749e4dec863', 'zh', '辣鸡肉', NULL, CURRENT_TIMESTAMP, CURRENT_TIMESTAMP);
INSERT INTO product_translations (id, product_id, language, name, description, created_at, updated_at) VALUES ('9e199553-9885-446b-887c-ad8de931f52f', '9e199553-61e0-4ffa-ae12-76b6325659de', 'en', 'Salmon avocado cucumber', NULL, CURRENT_TIMESTAMP, CURRENT_TIMESTAMP);
INSERT INTO product_translations (id, product_id, language, name, description, created_at, updated_at) VALUES ('9e199553-7b3c-4d29-bccb-5ff4831fe9a6', '9e199553-61e0-4ffa-ae12-76b6325659de', 'fr', 'Saumon avocat concombre', NULL, CURRENT_TIMESTAMP, CURRENT_TIMESTAMP);
INSERT INTO product_translations (id, product_id, language, name, description, created_at, updated_at) VALUES ('a0971bd8-1e35-4d36-8cc0-5c564a9f50f1', '9e199553-61e0-4ffa-ae12-76b6325659de', 'zh', '三文鱼牛油果黄瓜', '', CURRENT_TIMESTAMP, CURRENT_TIMESTAMP);
INSERT INTO product_translations (id, product_id, language, name, description, created_at, updated_at) VALUES ('9e199553-efbf-4500-839e-3fd663a933d5', '9e199553-b1d0-4cc7-bf23-98d1f26efd31', 'en', 'Tuna avocado cucumber', NULL, CURRENT_TIMESTAMP, CURRENT_TIMESTAMP);
INSERT INTO product_translations (id, product_id, language, name, description, created_at, updated_at) VALUES ('9e199553-cd58-4df9-9734-9c58795af371', '9e199553-b1d0-4cc7-bf23-98d1f26efd31', 'fr', 'Thon avocat concombre', NULL, CURRENT_TIMESTAMP, CURRENT_TIMESTAMP);
INSERT INTO product_translations (id, product_id, language, name, description, created_at, updated_at) VALUES ('bcd25ad5-d277-4c22-b1e3-c4830e204651', '9e199553-b1d0-4cc7-bf23-98d1f26efd31', 'zh', '金枪鱼牛油果黄瓜', NULL, CURRENT_TIMESTAMP, CURRENT_TIMESTAMP);
INSERT INTO product_translations (id, product_id, language, name, description, created_at, updated_at) VALUES ('9e199554-4a9a-4a9f-8f67-2c142ef27d2e', '9e199554-0ca6-48b8-9f9a-51f853b27f8b', 'en', 'Shrimp tempura avocado cucumber', NULL, CURRENT_TIMESTAMP, CURRENT_TIMESTAMP);
INSERT INTO product_translations (id, product_id, language, name, description, created_at, updated_at) VALUES ('9e199554-28b9-4b0d-9803-8818e5b44dd4', '9e199554-0ca6-48b8-9f9a-51f853b27f8b', 'fr', 'Tempura crevette avocat concombre', NULL, CURRENT_TIMESTAMP, CURRENT_TIMESTAMP);
INSERT INTO product_translations (id, product_id, language, name, description, created_at, updated_at) VALUES ('5f323041-68ff-4cb7-939e-d473b9b8f5e5', '9e199554-0ca6-48b8-9f9a-51f853b27f8b', 'zh', '天妇罗虾牛油果黄瓜', NULL, CURRENT_TIMESTAMP, CURRENT_TIMESTAMP);
INSERT INTO product_translations (id, product_id, language, name, description, created_at, updated_at) VALUES ('9e199554-9957-499f-b87a-174ec1a315a3', '9e199554-665f-497b-a927-271baef8e944', 'en', 'Salmon eggs avocado cucumber', NULL, CURRENT_TIMESTAMP, CURRENT_TIMESTAMP);
INSERT INTO product_translations (id, product_id, language, name, description, created_at, updated_at) VALUES ('9e199554-7fd6-4b9a-9077-662dafd76310', '9e199554-665f-497b-a927-271baef8e944', 'fr', 'Oeufs de saumon avocat concombre', NULL, CURRENT_TIMESTAMP, CURRENT_TIMESTAMP);
INSERT INTO product_translations (id, product_id, language, name, description, created_at, updated_at) VALUES ('91fd10e6-74e5-401e-8ad8-0e41fb78c1c3', '9e199554-665f-497b-a927-271baef8e944', 'zh', '三文鱼子牛油果黄瓜', NULL, CURRENT_TIMESTAMP, CURRENT_TIMESTAMP);
INSERT INTO product_translations (id, product_id, language, name, description, created_at, updated_at) VALUES ('9e199555-2493-442d-a786-4cb38550ec1f', '9e199554-eef6-497c-bbad-8ef862288432', 'en', 'Salmon avocado', NULL, CURRENT_TIMESTAMP, CURRENT_TIMESTAMP);
INSERT INTO product_translations (id, product_id, language, name, description, created_at, updated_at) VALUES ('9e199555-0a5b-4e69-a54a-de82c45d765d', '9e199554-eef6-497c-bbad-8ef862288432', 'fr', 'Saumon avocat', NULL, CURRENT_TIMESTAMP, CURRENT_TIMESTAMP);
INSERT INTO product_translations (id, product_id, language, name, description, created_at, updated_at) VALUES ('91177435-3ca0-4260-8203-4c3faf2b4975', '9e199554-eef6-497c-bbad-8ef862288432', 'zh', '三文鱼牛油果', NULL, CURRENT_TIMESTAMP, CURRENT_TIMESTAMP);
INSERT INTO product_translations (id, product_id, language, name, description, created_at, updated_at) VALUES ('9e199555-75aa-4088-9b65-eb18b4610c61', '9e199555-4093-41ff-9abc-af7380168b0f', 'en', 'Tuna mango', NULL, CURRENT_TIMESTAMP, CURRENT_TIMESTAMP);
INSERT INTO product_translations (id, product_id, language, name, description, created_at, updated_at) VALUES ('9e199555-5acb-461d-928d-5bac05194b7e', '9e199555-4093-41ff-9abc-af7380168b0f', 'fr', 'Thon mangue', NULL, CURRENT_TIMESTAMP, CURRENT_TIMESTAMP);
INSERT INTO product_translations (id, product_id, language, name, description, created_at, updated_at) VALUES ('ba70122f-2eb5-403a-9f90-59be50b1d709', '9e199555-4093-41ff-9abc-af7380168b0f', 'zh', '金枪鱼芒果', NULL, CURRENT_TIMESTAMP, CURRENT_TIMESTAMP);
INSERT INTO product_translations (id, product_id, language, name, description, created_at, updated_at) VALUES ('9e199555-c40f-442b-803e-1fe7fd7d0f2f', '9e199555-901a-410f-a16f-fe27d272a49f', 'en', 'Shrimp tempura', NULL, CURRENT_TIMESTAMP, CURRENT_TIMESTAMP);
INSERT INTO product_translations (id, product_id, language, name, description, created_at, updated_at) VALUES ('9e199555-a9f7-43bf-9083-394c66ce4b68', '9e199555-901a-410f-a16f-fe27d272a49f', 'fr', 'Tempura crevette', NULL, CURRENT_TIMESTAMP, CURRENT_TIMESTAMP);
INSERT INTO product_translations (id, product_id, language, name, description, created_at, updated_at) VALUES ('29f6700d-d5fa-46e1-8f5c-4af0fb834a58', '9e199555-901a-410f-a16f-fe27d272a49f', 'zh', '天妇罗虾', NULL, CURRENT_TIMESTAMP, CURRENT_TIMESTAMP);
INSERT INTO product_translations (id, product_id, language, name, description, created_at, updated_at) VALUES ('9e199556-4997-426c-bafd-b0bf4c084379', '9e199556-12bb-430e-83ff-98d256922b79', 'en', 'Royal salmon', 'Salmon, cheese, avocado, cucumber', CURRENT_TIMESTAMP, CURRENT_TIMESTAMP);
INSERT INTO product_translations (id, product_id, language, name, description, created_at, updated_at) VALUES ('9e199556-2e3e-46c1-af5b-e648a8bbace5', '9e199556-12bb-430e-83ff-98d256922b79', 'fr', 'Saumon royal', 'Saumon, cheese, avocat, concombre', CURRENT_TIMESTAMP, CURRENT_TIMESTAMP);
INSERT INTO product_translations (id, product_id, language, name, description, created_at, updated_at) VALUES ('69b29da1-c07a-49a4-b560-07245717a3eb', '9e199556-12bb-430e-83ff-98d256922b79', 'zh', '皇家三文鱼', '三文鱼、芝士、牛油果、黄瓜', CURRENT_TIMESTAMP, CURRENT_TIMESTAMP);
INSERT INTO product_translations (id, product_id, language, name, description, created_at, updated_at) VALUES ('9e199556-9a7a-4c19-a494-d6b85e05c84b', '9e199556-6400-42ae-8a08-eadadf194e71', 'en', 'Mango rolls', 'Fried chicken, cucumber, mango, fish eggs', CURRENT_TIMESTAMP, CURRENT_TIMESTAMP);
INSERT INTO product_translations (id, product_id, language, name, description, created_at, updated_at) VALUES ('9e199556-7e9e-43b8-b83c-961231e7c139', '9e199556-6400-42ae-8a08-eadadf194e71', 'fr', 'Mangue rolls', 'Poulet pané, concombre, mangue, oeufs de poissons', CURRENT_TIMESTAMP, CURRENT_TIMESTAMP);
INSERT INTO product_translations (id, product_id, language, name, description, created_at, updated_at) VALUES ('fec564b2-e03e-4171-acaa-46ab5d7bcdf4', '9e199556-6400-42ae-8a08-eadadf194e71', 'zh', '芒果卷', '炸鸡、黄瓜、芒果、鱼子', CURRENT_TIMESTAMP, CURRENT_TIMESTAMP);
INSERT INTO product_translations (id, product_id, language, name, description, created_at, updated_at) VALUES ('9e199556-ebcd-4eca-acfd-412403bba3d4', '9e199556-b4a2-428a-8be3-6cf9bbd221f2', 'en', 'Avocado rolls', 'Shrimp tempura, sesame, fish eggs', CURRENT_TIMESTAMP, CURRENT_TIMESTAMP);
INSERT INTO product_translations (id, product_id, language, name, description, created_at, updated_at) VALUES ('9e199556-d14d-4699-8c53-32d0600bff2e', '9e199556-b4a2-428a-8be3-6cf9bbd221f2', 'fr', 'Avocat rolls', 'Tempura crevette, sésame, oeufs de poissons', CURRENT_TIMESTAMP, CURRENT_TIMESTAMP);
INSERT INTO product_translations (id, product_id, language, name, description, created_at, updated_at) VALUES ('3e9fd57e-66c8-4aa7-b887-1bb67c7414d0', '9e199556-b4a2-428a-8be3-6cf9bbd221f2', 'zh', '牛油果卷', '天妇罗虾、芝麻、鱼子', CURRENT_TIMESTAMP, CURRENT_TIMESTAMP);
INSERT INTO product_translations (id, product_id, language, name, description, created_at, updated_at) VALUES ('9e199557-41e6-428c-85d3-860521ad16fc', '9e199557-0907-4aeb-af30-10f0531527ee', 'en', 'Eel rolls', 'Eel, avocado, cucumber, sesame', CURRENT_TIMESTAMP, CURRENT_TIMESTAMP);
INSERT INTO product_translations (id, product_id, language, name, description, created_at, updated_at) VALUES ('9e199557-2400-4c61-97fa-7aa4c9a8692c', '9e199557-0907-4aeb-af30-10f0531527ee', 'fr', 'Anguille rolls', 'Anguille, avocat, concombre, sésame', CURRENT_TIMESTAMP, CURRENT_TIMESTAMP);
INSERT INTO product_translations (id, product_id, language, name, description, created_at, updated_at) VALUES ('4c3cf7c0-4df8-4084-87ef-78bcafccbe13', '9e199557-0907-4aeb-af30-10f0531527ee', 'zh', '鳗鱼卷', '鳗鱼、牛油果、黄瓜、芝麻', CURRENT_TIMESTAMP, CURRENT_TIMESTAMP);
INSERT INTO product_translations (id, product_id, language, name, description, created_at, updated_at) VALUES ('9e199557-912c-417b-bff5-4ea8787e4c9e', '9e199557-5b7e-4e8b-8378-5f13f54bc343', 'en', 'Onion rolls', 'Surimi, avocado, cucumber', CURRENT_TIMESTAMP, CURRENT_TIMESTAMP);
INSERT INTO product_translations (id, product_id, language, name, description, created_at, updated_at) VALUES ('9e199557-77e2-45de-a093-48dc44846bb4', '9e199557-5b7e-4e8b-8378-5f13f54bc343', 'fr', 'Oignon rolls', 'Surimi, avocat, concombre', CURRENT_TIMESTAMP, CURRENT_TIMESTAMP);
INSERT INTO product_translations (id, product_id, language, name, description, created_at, updated_at) VALUES ('43a1419a-b4f3-46d5-bd89-ab2445a33809', '9e199557-5b7e-4e8b-8378-5f13f54bc343', 'zh', '洋葱卷', '蟹肉棒、牛油果、黄瓜', CURRENT_TIMESTAMP, CURRENT_TIMESTAMP);
INSERT INTO product_translations (id, product_id, language, name, description, created_at, updated_at) VALUES ('9e199557-e073-4626-abb4-8acb4abce40c', '9e199557-a9d1-43c5-9e10-dd2a5f57bfd5', 'en', 'Honey rolls', 'Salmon, honey, salad, mango, sesame', CURRENT_TIMESTAMP, CURRENT_TIMESTAMP);
INSERT INTO product_translations (id, product_id, language, name, description, created_at, updated_at) VALUES ('9e199557-c54b-4881-a7d3-c81b67dc4e28', '9e199557-a9d1-43c5-9e10-dd2a5f57bfd5', 'fr', 'Miel rolls', 'Saumon, miel, roquette, mangue, sésame', CURRENT_TIMESTAMP, CURRENT_TIMESTAMP);
INSERT INTO product_translations (id, product_id, language, name, description, created_at, updated_at) VALUES ('68514a54-d220-496f-bfef-958f9c2a8307', '9e199557-a9d1-43c5-9e10-dd2a5f57bfd5', 'zh', '蜂蜜卷', '三文鱼、蜂蜜、沙拉、芒果、芝麻', CURRENT_TIMESTAMP, CURRENT_TIMESTAMP);
INSERT INTO product_translations (id, product_id, language, name, description, created_at, updated_at) VALUES ('9e199558-3517-43bb-b735-3e42343f8f16', '9e199557-fb1b-4a08-bdfa-ee618649dbb8', 'en', 'Mixed rolls', 'Salmon, tuna, shrimp tempura, avocado, cucumber', CURRENT_TIMESTAMP, CURRENT_TIMESTAMP);
INSERT INTO product_translations (id, product_id, language, name, description, created_at, updated_at) VALUES ('9e199558-1bbe-451e-86df-c20a0ad08812', '9e199557-fb1b-4a08-bdfa-ee618649dbb8', 'fr', 'Assortiment rolls', 'Saumon, thon, tempura crevette, avocat, concombre', CURRENT_TIMESTAMP, CURRENT_TIMESTAMP);
INSERT INTO product_translations (id, product_id, language, name, description, created_at, updated_at) VALUES ('6873f458-99e9-47e4-aeff-8f29c4b7147d', '9e199557-fb1b-4a08-bdfa-ee618649dbb8', 'zh', '什锦卷', '三文鱼、金枪鱼、天妇罗虾、牛油果、黄瓜', CURRENT_TIMESTAMP, CURRENT_TIMESTAMP);
INSERT INTO product_translations (id, product_id, language, name, description, created_at, updated_at) VALUES ('9e199558-876f-40e0-8555-e09389fb0c0f', '9e199558-526b-4a44-861f-1e89a0f61e4f', 'en', 'Spicy salmon', 'Salmon, cucumber, avocado, fried chicken, mayo, spicy', CURRENT_TIMESTAMP, CURRENT_TIMESTAMP);
INSERT INTO product_translations (id, product_id, language, name, description, created_at, updated_at) VALUES ('9e199558-6c3c-4c83-bda7-e793bf79c011', '9e199558-526b-4a44-861f-1e89a0f61e4f', 'fr', 'Spicy saumon', 'Saumon, concombre, avocat, oignons frits, mayo, épicé', CURRENT_TIMESTAMP, CURRENT_TIMESTAMP);
INSERT INTO product_translations (id, product_id, language, name, description, created_at, updated_at) VALUES ('9a87542d-b0c6-408f-8237-6561cd22dc82', '9e199558-526b-4a44-861f-1e89a0f61e4f', 'zh', '辣三文鱼', '三文鱼、黄瓜、牛油果、炸鸡、蛋黄酱、辣', CURRENT_TIMESTAMP, CURRENT_TIMESTAMP);
INSERT INTO product_translations (id, product_id, language, name, description, created_at, updated_at) VALUES ('9e199558-dc86-4c1e-9484-a591bb0d8700', '9e199558-a22d-4cd9-aafc-2decdccb0c0b', 'en', 'Crispy salmon', 'Salmon cucumber, avocado, fried chicken, mayo, spicy', CURRENT_TIMESTAMP, CURRENT_TIMESTAMP);
INSERT INTO product_translations (id, product_id, language, name, description, created_at, updated_at) VALUES ('9e199558-c0ab-4973-a70a-1eac1fea1944', '9e199558-a22d-4cd9-aafc-2decdccb0c0b', 'fr', 'Crispy saumon', 'Saumon, concombre, avocat, oignons frits, mayo, épicé', CURRENT_TIMESTAMP, CURRENT_TIMESTAMP);
INSERT INTO product_translations (id, product_id, language, name, description, created_at, updated_at) VALUES ('9df2cb49-222c-4c4b-9ffc-addc48a6b053', '9e199558-a22d-4cd9-aafc-2decdccb0c0b', 'zh', '脆三文鱼', '三文鱼、黄瓜、牛油果、炸鸡、蛋黄酱、辣', CURRENT_TIMESTAMP, CURRENT_TIMESTAMP);
INSERT INTO product_translations (id, product_id, language, name, description, created_at, updated_at) VALUES ('9e199559-3075-46ab-99e6-5624827b1b00', '9e199558-f9c9-498c-ac76-03dd05cefec1', 'en', 'Chips rolls', 'Chips, fried chicken', CURRENT_TIMESTAMP, CURRENT_TIMESTAMP);
INSERT INTO product_translations (id, product_id, language, name, description, created_at, updated_at) VALUES ('9e199559-1548-4104-919d-550becc3ca7c', '9e199558-f9c9-498c-ac76-03dd05cefec1', 'fr', 'Chips rolls', 'Chips, poulet pané', CURRENT_TIMESTAMP, CURRENT_TIMESTAMP);
INSERT INTO product_translations (id, product_id, language, name, description, created_at, updated_at) VALUES ('14453e32-f42a-4cc9-89fe-624bf2d1473d', '9e199558-f9c9-498c-ac76-03dd05cefec1', 'zh', '薯片卷', '薯片、炸鸡', CURRENT_TIMESTAMP, CURRENT_TIMESTAMP);
INSERT INTO product_translations (id, product_id, language, name, description, created_at, updated_at) VALUES ('9e199559-8327-4cea-8c3e-9d58f50d0906', '9e199559-4cc3-4a33-8c56-0a6e8a3500de', 'en', 'Osaka rolls', 'Semi-cooked salmon, avocado, cucumber, shrimp tempura, fish eggs, chive', CURRENT_TIMESTAMP, CURRENT_TIMESTAMP);
INSERT INTO product_translations (id, product_id, language, name, description, created_at, updated_at) VALUES ('9e199559-68af-4e98-a522-26430d2b4e1b', '9e199559-4cc3-4a33-8c56-0a6e8a3500de', 'fr', 'Osaka rolls', 'Saumon mi-cuit, avocat, concombre, tempura crevette, oeufs de poissons, ciboulette', CURRENT_TIMESTAMP, CURRENT_TIMESTAMP);
INSERT INTO product_translations (id, product_id, language, name, description, created_at, updated_at) VALUES ('3155a2e7-8ea5-4bb9-a165-cc63c9d95f22', '9e199559-4cc3-4a33-8c56-0a6e8a3500de', 'zh', '大阪卷', '半熟三文鱼、牛油果、黄瓜、天妇罗虾、鱼子、香葱', CURRENT_TIMESTAMP, CURRENT_TIMESTAMP);
INSERT INTO product_translations (id, product_id, language, name, description, created_at, updated_at) VALUES ('9e199559-d3b7-4080-b3db-ac24cfda45d8', '9e199559-9ca4-4bdd-a261-8e254dc80c27', 'en', 'Foie gras strawberry rolls', 'Foie gras, strawberry, avocado, fried onions, honey', CURRENT_TIMESTAMP, CURRENT_TIMESTAMP);
INSERT INTO product_translations (id, product_id, language, name, description, created_at, updated_at) VALUES ('9e199559-b7c6-4762-9398-6e443d69531a', '9e199559-9ca4-4bdd-a261-8e254dc80c27', 'fr', 'Foie gras fraise rolls', 'Foie gras, fraise, avocat, oignons frits, miel', CURRENT_TIMESTAMP, CURRENT_TIMESTAMP);
INSERT INTO product_translations (id, product_id, language, name, description, created_at, updated_at) VALUES ('6b79bb19-ff51-4f76-9a39-5b45a3d34fa5', '9e199559-9ca4-4bdd-a261-8e254dc80c27', 'zh', '鹅肝草莓卷', '鹅肝、草莓、牛油果、炸洋葱、蜂蜜', CURRENT_TIMESTAMP, CURRENT_TIMESTAMP);
INSERT INTO product_translations (id, product_id, language, name, description, created_at, updated_at) VALUES ('9e19955a-2776-4f35-b54c-ba14bedeff9b', '9e199559-eebb-447b-bb55-53a03ea400cc', 'en', 'Spicy chicken', 'Chicken, cucumber, salad, fried onions, chef''s sauce', CURRENT_TIMESTAMP, CURRENT_TIMESTAMP);
INSERT INTO product_translations (id, product_id, language, name, description, created_at, updated_at) VALUES ('9e19955a-0d7d-44c8-ac2c-b41e06955f87', '9e199559-eebb-447b-bb55-53a03ea400cc', 'fr', 'Spicy poulet', 'Poulet, concombre, roquette, oignons frits, sauce du chef', CURRENT_TIMESTAMP, CURRENT_TIMESTAMP);
INSERT INTO product_translations (id, product_id, language, name, description, created_at, updated_at) VALUES ('68aed748-4874-47ec-894c-77b454a5eb9a', '9e199559-eebb-447b-bb55-53a03ea400cc', 'zh', '辣鸡肉', '鸡肉、黄瓜、沙拉、炸洋葱、主厨酱汁', CURRENT_TIMESTAMP, CURRENT_TIMESTAMP);
INSERT INTO product_translations (id, product_id, language, name, description, created_at, updated_at) VALUES ('9e19955a-7bb5-44c4-b6bc-5110e9de30e2', '9e19955a-42a5-4b10-a8a5-9caff8e2925a', 'en', 'Mango delight', 'Mango, salmon, cheese, japanese mayo', CURRENT_TIMESTAMP, CURRENT_TIMESTAMP);
INSERT INTO product_translations (id, product_id, language, name, description, created_at, updated_at) VALUES ('9e19955a-6117-459d-b71f-79f77feb3ba7', '9e19955a-42a5-4b10-a8a5-9caff8e2925a', 'fr', 'Délice mangue', 'Mangue, saumon, cheese, mayonnaise japonaise', CURRENT_TIMESTAMP, CURRENT_TIMESTAMP);
INSERT INTO product_translations (id, product_id, language, name, description, created_at, updated_at) VALUES ('b0bf9963-a30f-48ef-80d2-0d719611e3ea', '9e19955a-42a5-4b10-a8a5-9caff8e2925a', 'zh', '芒果乐', '芒果、三文鱼、芝士、日式蛋黄酱', CURRENT_TIMESTAMP, CURRENT_TIMESTAMP);
INSERT INTO product_translations (id, product_id, language, name, description, created_at, updated_at) VALUES ('9e19955b-00ef-4f1e-a019-35c6912ea885', '9e19955a-cabe-4400-be00-0fe1b19fd9e8', 'en', 'Slices (or tartare) of salmon and avocado', NULL, CURRENT_TIMESTAMP, CURRENT_TIMESTAMP);
INSERT INTO product_translations (id, product_id, language, name, description, created_at, updated_at) VALUES ('9e19955a-e6a2-4bc8-bb13-b8d66974cd04', '9e19955a-cabe-4400-be00-0fe1b19fd9e8', 'fr', 'Tranches (ou tartare) de saumon avocat', NULL, CURRENT_TIMESTAMP, CURRENT_TIMESTAMP);
INSERT INTO product_translations (id, product_id, language, name, description, created_at, updated_at) VALUES ('28dc4481-9464-4a7a-9ff3-4b8b1c798290', '9e19955a-cabe-4400-be00-0fe1b19fd9e8', 'zh', '三文鱼牛油果切片（或他他）', NULL, CURRENT_TIMESTAMP, CURRENT_TIMESTAMP);
INSERT INTO product_translations (id, product_id, language, name, description, created_at, updated_at) VALUES ('9e19955b-4fd4-4b46-9e36-ec00282091a5', '9e19955b-19e0-4070-8b65-f4e13a459116', 'en', 'Slices (or tartare) of tuna and avocado', NULL, CURRENT_TIMESTAMP, CURRENT_TIMESTAMP);
INSERT INTO product_translations (id, product_id, language, name, description, created_at, updated_at) VALUES ('9e19955b-3475-40c8-9ce8-67dab7d6a6d8', '9e19955b-19e0-4070-8b65-f4e13a459116', 'fr', 'Tranches (ou tartare) de thon avocat', NULL, CURRENT_TIMESTAMP, CURRENT_TIMESTAMP);
INSERT INTO product_translations (id, product_id, language, name, description, created_at, updated_at) VALUES ('7945a347-69df-4e41-a1f2-d08546be52c4', '9e19955b-19e0-4070-8b65-f4e13a459116', 'zh', '金枪鱼牛油果切片（或他他）', NULL, CURRENT_TIMESTAMP, CURRENT_TIMESTAMP);
INSERT INTO product_translations (id, product_id, language, name, description, created_at, updated_at) VALUES ('9e19955b-9fec-4cd6-89ed-6df887d71b65', '9e19955b-6a35-4702-a540-e0e715461e65', 'en', 'Mix', 'Salmon, tuna, sea bream, shrimp, salmon eggs, avocado, Japanese radish.', CURRENT_TIMESTAMP, CURRENT_TIMESTAMP);
INSERT INTO product_translations (id, product_id, language, name, description, created_at, updated_at) VALUES ('9e19955b-827c-4c17-a93d-b6378a247fc9', '9e19955b-6a35-4702-a540-e0e715461e65', 'fr', 'Assortiment', 'Saumon, thon, dorade, crevette, oeufs de saumon, avocat, radis japonais', CURRENT_TIMESTAMP, CURRENT_TIMESTAMP);
INSERT INTO product_translations (id, product_id, language, name, description, created_at, updated_at) VALUES ('c3943397-2ca6-42b1-8bd1-37e4135d37da', '9e19955b-6a35-4702-a540-e0e715461e65', 'zh', '什锦', '三文鱼、金枪鱼、鲷鱼、虾、三文鱼子、牛油果、日式萝卜', CURRENT_TIMESTAMP, CURRENT_TIMESTAMP);
INSERT INTO product_translations (id, product_id, language, name, description, created_at, updated_at) VALUES ('9e19955c-278c-4609-8d21-5b6f5fd990c3', '9e19955b-f33b-4f01-b882-fc3eba770b10', 'en', 'Salmon', NULL, CURRENT_TIMESTAMP, CURRENT_TIMESTAMP);
INSERT INTO product_translations (id, product_id, language, name, description, created_at, updated_at) VALUES ('9e19955c-0dd9-4712-96b0-2fa6bc460d54', '9e19955b-f33b-4f01-b882-fc3eba770b10', 'fr', 'Saumon', NULL, CURRENT_TIMESTAMP, CURRENT_TIMESTAMP);
INSERT INTO product_translations (id, product_id, language, name, description, created_at, updated_at) VALUES ('5bf68618-5a46-4bf9-a535-3c4d42cb7117', '9e19955b-f33b-4f01-b882-fc3eba770b10', 'zh', '三文鱼', NULL, CURRENT_TIMESTAMP, CURRENT_TIMESTAMP);
INSERT INTO product_translations (id, product_id, language, name, description, created_at, updated_at) VALUES ('9e19955c-7cbc-4549-afe8-bd9d0a4364b3', '9e19955c-430d-4295-b6e0-aff2453d5768', 'en', 'Tuna', NULL, CURRENT_TIMESTAMP, CURRENT_TIMESTAMP);
INSERT INTO product_translations (id, product_id, language, name, description, created_at, updated_at) VALUES ('9e19955c-5cec-478f-a3ca-00674f0f24e5', '9e19955c-430d-4295-b6e0-aff2453d5768', 'fr', 'Thon', NULL, CURRENT_TIMESTAMP, CURRENT_TIMESTAMP);
INSERT INTO product_translations (id, product_id, language, name, description, created_at, updated_at) VALUES ('870e6283-446f-4d03-a634-e914bdb2800f', '9e19955c-430d-4295-b6e0-aff2453d5768', 'zh', '金枪鱼', NULL, CURRENT_TIMESTAMP, CURRENT_TIMESTAMP);
INSERT INTO product_translations (id, product_id, language, name, description, created_at, updated_at) VALUES ('9e19955c-ca20-48b4-a4cb-362f2fa542d6', '9e19955c-9680-4cd4-87d6-1d6bb8567148', 'en', 'Salmon tuna', NULL, CURRENT_TIMESTAMP, CURRENT_TIMESTAMP);
INSERT INTO product_translations (id, product_id, language, name, description, created_at, updated_at) VALUES ('9e19955c-b039-46b1-913f-7b3cb539a3f7', '9e19955c-9680-4cd4-87d6-1d6bb8567148', 'fr', 'Saumon thon', NULL, CURRENT_TIMESTAMP, CURRENT_TIMESTAMP);
INSERT INTO product_translations (id, product_id, language, name, description, created_at, updated_at) VALUES ('d0f05f28-76c8-4049-9fba-942d261d6b5b', '9e19955c-9680-4cd4-87d6-1d6bb8567148', 'zh', '三文鱼金枪鱼', NULL, CURRENT_TIMESTAMP, CURRENT_TIMESTAMP);
INSERT INTO product_translations (id, product_id, language, name, description, created_at, updated_at) VALUES ('9e19955d-1af3-4c88-8b42-c2907f7bcc99', '9e19955c-e3db-44cc-91db-1b8349c4efed', 'en', 'Mix', 'Salmon, tuna, sea bream', CURRENT_TIMESTAMP, CURRENT_TIMESTAMP);
INSERT INTO product_translations (id, product_id, language, name, description, created_at, updated_at) VALUES ('9e19955c-ffa5-4616-839f-ad7bd3e3211b', '9e19955c-e3db-44cc-91db-1b8349c4efed', 'fr', 'Assortiment', 'Saumon, thon, dorade', CURRENT_TIMESTAMP, CURRENT_TIMESTAMP);
INSERT INTO product_translations (id, product_id, language, name, description, created_at, updated_at) VALUES ('f980cb30-e277-4128-afd9-6b146052410e', '9e19955c-e3db-44cc-91db-1b8349c4efed', 'zh', '什锦', '三文鱼、金枪鱼、鲷鱼', CURRENT_TIMESTAMP, CURRENT_TIMESTAMP);
INSERT INTO product_translations (id, product_id, language, name, description, created_at, updated_at) VALUES ('9e19955d-a010-4090-8ca4-ac44fa429a44', '9e19955d-6aaf-4cc4-9979-e20e6c856a13', 'en', 'Salmon', 'Avocado, mango, edamame, wakame, radish, sesame, fried onions, chives, cabbage', CURRENT_TIMESTAMP, CURRENT_TIMESTAMP);
INSERT INTO product_translations (id, product_id, language, name, description, created_at, updated_at) VALUES ('9e19955d-857d-4ba5-8eb0-ebd23c668560', '9e19955d-6aaf-4cc4-9979-e20e6c856a13', 'fr', 'Saumon', 'Avocat, mangue, edamame, wakame, radis, sésame, oignons frits, ciboulette, choux', CURRENT_TIMESTAMP, CURRENT_TIMESTAMP);
INSERT INTO product_translations (id, product_id, language, name, description, created_at, updated_at) VALUES ('ce833297-f95d-49b7-8ede-537f72d7705a', '9e19955d-6aaf-4cc4-9979-e20e6c856a13', 'zh', '三文鱼', '牛油果、芒果、毛豆、裙带菜、萝卜、芝麻、炸洋葱、香葱、卷心菜', CURRENT_TIMESTAMP, CURRENT_TIMESTAMP);
INSERT INTO product_translations (id, product_id, language, name, description, created_at, updated_at) VALUES ('9e19955d-f01a-4cec-bc7e-6c5af38c4f84', '9e19955d-bb59-4973-af4c-f46616ae537b', 'en', 'Tuna', 'Avocado, mango, edamame, wakame, radish, sesame, fried onions, chives, cabbage', CURRENT_TIMESTAMP, CURRENT_TIMESTAMP);
INSERT INTO product_translations (id, product_id, language, name, description, created_at, updated_at) VALUES ('9e19955d-d5dd-4853-af1b-1546c84d2d9c', '9e19955d-bb59-4973-af4c-f46616ae537b', 'fr', 'Thon', 'Avocat, mangue, edamame, wakame, radis, sésame, oignons frits, ciboulette, choux', CURRENT_TIMESTAMP, CURRENT_TIMESTAMP);
INSERT INTO product_translations (id, product_id, language, name, description, created_at, updated_at) VALUES ('bc33ca60-389d-4382-a3ba-a9385c31b991', '9e19955d-bb59-4973-af4c-f46616ae537b', 'zh', '金枪鱼', '牛油果、芒果、毛豆、裙带菜、萝卜、芝麻、炸洋葱、香葱、卷心菜', CURRENT_TIMESTAMP, CURRENT_TIMESTAMP);
INSERT INTO product_translations (id, product_id, language, name, description, created_at, updated_at) VALUES ('9e19955e-4165-4f0d-b1a2-27c3c11eb2c0', '9e19955e-0ccd-41d8-80e8-159cb27e9e86', 'en', 'Chicken', 'Avocado, mango, edamame, wakame, radish, sesame, fried onions, chives, cabbage', CURRENT_TIMESTAMP, CURRENT_TIMESTAMP);
INSERT INTO product_translations (id, product_id, language, name, description, created_at, updated_at) VALUES ('9e19955e-2803-45f2-8daa-c7a751839969', '9e19955e-0ccd-41d8-80e8-159cb27e9e86', 'fr', 'Poulet', 'Avocat, mangue, edamame, wakame, radis, sésame, oignons frits, ciboulette, choux', CURRENT_TIMESTAMP, CURRENT_TIMESTAMP);
INSERT INTO product_translations (id, product_id, language, name, description, created_at, updated_at) VALUES ('254c582a-a10c-4f14-a72f-7b24d0ff4eb9', '9e19955e-0ccd-41d8-80e8-159cb27e9e86', 'zh', '鸡肉', '牛油果、芒果、毛豆、裙带菜、萝卜、芝麻、炸洋葱、香葱、卷心菜', CURRENT_TIMESTAMP, CURRENT_TIMESTAMP);
INSERT INTO product_translations (id, product_id, language, name, description, created_at, updated_at) VALUES ('9e19955e-9204-4261-8422-af4c4ab3ca4b', '9e19955e-5aba-49e3-b219-03f0a0dcc506', 'en', 'Gyoza fried chicken', 'Avocado, mango, edamame, wakame, radish, sesame, fried onions, chives, cabbage', CURRENT_TIMESTAMP, CURRENT_TIMESTAMP);
INSERT INTO product_translations (id, product_id, language, name, description, created_at, updated_at) VALUES ('9e19955e-7514-47d8-99e2-fdcd9c6926bb', '9e19955e-5aba-49e3-b219-03f0a0dcc506', 'fr', 'Gyoza poulet frit', 'Avocat, mangue, edamame, wakame, radis, sésame, oignons frits, ciboulette, choux', CURRENT_TIMESTAMP, CURRENT_TIMESTAMP);
INSERT INTO product_translations (id, product_id, language, name, description, created_at, updated_at) VALUES ('5e6653c7-0cf9-4662-9399-bd683d54ed0e', '9e19955e-5aba-49e3-b219-03f0a0dcc506', 'zh', '煎饺炸鸡', '牛油果、芒果、毛豆、裙带菜、萝卜、芝麻、炸洋葱、香葱、卷心菜', CURRENT_TIMESTAMP, CURRENT_TIMESTAMP);
INSERT INTO product_translations (id, product_id, language, name, description, created_at, updated_at) VALUES ('9e19955e-df9f-44d9-8ec0-c26442ff4166', '9e19955e-ab77-4e87-8d34-08b4989d5e3c', 'en', 'Vegetarian tofu', 'Avocado, mango, edamame, wakame, radish, sesame, fried onions, chives, cabbage', CURRENT_TIMESTAMP, CURRENT_TIMESTAMP);
INSERT INTO product_translations (id, product_id, language, name, description, created_at, updated_at) VALUES ('9e19955e-c5c4-418c-9020-e2c67dbe7dcd', '9e19955e-ab77-4e87-8d34-08b4989d5e3c', 'fr', 'Végétarien tofu', 'Avocat, mangue, edamame, wakame, radis, sésame, oignons frits, ciboulette, choux', CURRENT_TIMESTAMP, CURRENT_TIMESTAMP);
INSERT INTO product_translations (id, product_id, language, name, description, created_at, updated_at) VALUES ('ffee9cbf-39cc-4c2a-a455-3fa85c4097e7', '9e19955e-ab77-4e87-8d34-08b4989d5e3c', 'zh', '素食豆腐', '牛油果、芒果、毛豆、裙带菜、萝卜、芝麻、炸洋葱、香葱、卷心菜', CURRENT_TIMESTAMP, CURRENT_TIMESTAMP);
INSERT INTO product_translations (id, product_id, language, name, description, created_at, updated_at) VALUES ('5e544eab-5dec-416a-8ad0-9841ea43cf9f', 'a7877213-77e1-4f03-93ce-2cb5c20c3d1f', 'en', 'Yuzu Cheesecake', NULL, CURRENT_TIMESTAMP, CURRENT_TIMESTAMP);
INSERT INTO product_translations (id, product_id, language, name, description, created_at, updated_at) VALUES ('15a3ef3d-eea5-48b8-85bd-f56fc8bfa539', 'a7877213-77e1-4f03-93ce-2cb5c20c3d1f', 'fr', 'Cheesecake Yuzu', NULL, CURRENT_TIMESTAMP, CURRENT_TIMESTAMP);
INSERT INTO product_translations (id, product_id, language, name, description, created_at, updated_at) VALUES ('b19f7bb5-5a88-4c3e-8d12-0079276c35e8', 'a7877213-77e1-4f03-93ce-2cb5c20c3d1f', 'zh', '柚子芝士蛋糕', NULL, CURRENT_TIMESTAMP, CURRENT_TIMESTAMP);
INSERT INTO product_translations (id, product_id, language, name, description, created_at, updated_at) VALUES ('af1d3f0b-c69b-44cf-88d8-9a12afae9e36', 'ab8e8a59-0c7c-4242-8841-c907f144a3f3', 'en', 'Tsingtao Beer', NULL, CURRENT_TIMESTAMP, CURRENT_TIMESTAMP);
INSERT INTO product_translations (id, product_id, language, name, description, created_at, updated_at) VALUES ('26aa2192-fa2a-4bf6-a4f8-db74a914f3ab', 'ab8e8a59-0c7c-4242-8841-c907f144a3f3', 'fr', 'Bière Tsingtao', NULL, CURRENT_TIMESTAMP, CURRENT_TIMESTAMP);
INSERT INTO product_translations (id, product_id, language, name, description, created_at, updated_at) VALUES ('54880c97-ed02-4350-aa4f-5fd994226aa0', 'ab8e8a59-0c7c-4242-8841-c907f144a3f3', 'zh', '青岛啤酒', NULL, CURRENT_TIMESTAMP, CURRENT_TIMESTAMP);
INSERT INTO product_translations (id, product_id, language, name, description, created_at, updated_at) VALUES ('08347fe3-7266-4da2-bdf3-9a9c860d90cc', 'ad4dc41b-55e5-4487-a6b5-7e5b285cd1df', 'en', 'Sapporo Beer', NULL, CURRENT_TIMESTAMP, CURRENT_TIMESTAMP);
INSERT INTO product_translations (id, product_id, language, name, description, created_at, updated_at) VALUES ('0573e4d2-bec1-49dd-aadf-cdfca4789550', 'ad4dc41b-55e5-4487-a6b5-7e5b285cd1df', 'fr', 'Bière Sapporo', NULL, CURRENT_TIMESTAMP, CURRENT_TIMESTAMP);
INSERT INTO product_translations (id, product_id, language, name, description, created_at, updated_at) VALUES ('271a42de-1ea9-4d20-ab16-d14a19abdd6d', 'ad4dc41b-55e5-4487-a6b5-7e5b285cd1df', 'zh', '札幌啤酒', NULL, CURRENT_TIMESTAMP, CURRENT_TIMESTAMP);
INSERT INTO product_translations (id, product_id, language, name, description, created_at, updated_at) VALUES ('08435cbb-8a4e-494a-9c15-3fe81328949b', 'c8cf3a20-9cf5-48ef-a018-76b1363ecf78', 'en', 'Asahi Beer', NULL, CURRENT_TIMESTAMP, CURRENT_TIMESTAMP);
INSERT INTO product_translations (id, product_id, language, name, description, created_at, updated_at) VALUES ('862f3082-4aa7-44ab-be4d-96bad3053d41', 'c8cf3a20-9cf5-48ef-a018-76b1363ecf78', 'fr', 'Bière Asahi', NULL, CURRENT_TIMESTAMP, CURRENT_TIMESTAMP);
INSERT INTO product_translations (id, product_id, language, name, description, created_at, updated_at) VALUES ('6ebbdea9-cc94-4ad7-b9ad-6eed7f42c5ac', 'c8cf3a20-9cf5-48ef-a018-76b1363ecf78', 'zh', '朝日啤酒', NULL, CURRENT_TIMESTAMP, CURRENT_TIMESTAMP);
INSERT INTO product_translations (id, product_id, language, name, description, created_at, updated_at) VALUES ('310ea6ae-4b64-42f8-b4c9-f155acf54b42', 'd543f232-7fa1-40e8-aebc-bd15424ebc0c', 'en', 'Coca-Cola Zero', NULL, CURRENT_TIMESTAMP, CURRENT_TIMESTAMP);
INSERT INTO product_translations (id, product_id, language, name, description, created_at, updated_at) VALUES ('8969b0fe-5ca0-4f02-9f9c-bee4ee11f33b', 'd543f232-7fa1-40e8-aebc-bd15424ebc0c', 'fr', 'Coca-Cola zéro', NULL, CURRENT_TIMESTAMP, CURRENT_TIMESTAMP);
INSERT INTO product_translations (id, product_id, language, name, description, created_at, updated_at) VALUES ('4b722f15-e9b8-49df-b1f9-f4f54eb02b59', 'd543f232-7fa1-40e8-aebc-bd15424ebc0c', 'zh', '零度可乐', NULL, CURRENT_TIMESTAMP, CURRENT_TIMESTAMP);
INSERT INTO product_translations (id, product_id, language, name, description, created_at, updated_at) VALUES ('9243191d-8c40-4a17-a5a8-63ffb7f45d7d', 'def829e8-6033-429e-87c0-e8e68c6d5179', 'en', 'Stir-fried noodles with scampi', NULL, CURRENT_TIMESTAMP, CURRENT_TIMESTAMP);
INSERT INTO product_translations (id, product_id, language, name, description, created_at, updated_at) VALUES ('3f5b1242-8099-4b0c-b441-7624a14c77f7', 'def829e8-6033-429e-87c0-e8e68c6d5179', 'fr', 'Nouilles sautées aux scampis', NULL, CURRENT_TIMESTAMP, CURRENT_TIMESTAMP);
INSERT INTO product_translations (id, product_id, language, name, description, created_at, updated_at) VALUES ('b9921f7c-a4d5-48b5-a5b7-4fdee33c3399', 'def829e8-6033-429e-87c0-e8e68c6d5179', 'zh', '虾炒面', NULL, CURRENT_TIMESTAMP, CURRENT_TIMESTAMP);
INSERT INTO product_translations (id, product_id, language, name, description, created_at, updated_at) VALUES ('507fa1db-388e-4d9e-9837-4085d95061b7', 'e02cd096-f644-4721-8fe3-e85cbf5dbc7c', 'en', 'Edamame', NULL, CURRENT_TIMESTAMP, CURRENT_TIMESTAMP);
INSERT INTO product_translations (id, product_id, language, name, description, created_at, updated_at) VALUES ('6876c206-076b-4ed4-aee4-dd4dded6b290', 'e02cd096-f644-4721-8fe3-e85cbf5dbc7c', 'fr', 'Edamame', NULL, CURRENT_TIMESTAMP, CURRENT_TIMESTAMP);
INSERT INTO product_translations (id, product_id, language, name, description, created_at, updated_at) VALUES ('68205e1b-06f7-4301-9529-c021baa20af9', 'e02cd096-f644-4721-8fe3-e85cbf5dbc7c', 'zh', '毛豆', NULL, CURRENT_TIMESTAMP, CURRENT_TIMESTAMP);
INSERT INTO product_translations (id, product_id, language, name, description, created_at, updated_at) VALUES ('bd1a8763-d68b-46c4-b550-bcb98f70d6e2', 'e0a330cd-90ee-47d6-84e0-6c38b39e603a', 'en', 'Miso soup', NULL, CURRENT_TIMESTAMP, CURRENT_TIMESTAMP);
INSERT INTO product_translations (id, product_id, language, name, description, created_at, updated_at) VALUES ('1a524a9c-ee1f-4517-934c-01d596346d19', 'e0a330cd-90ee-47d6-84e0-6c38b39e603a', 'fr', 'Soupe miso', NULL, CURRENT_TIMESTAMP, CURRENT_TIMESTAMP);
INSERT INTO product_translations (id, product_id, language, name, description, created_at, updated_at) VALUES ('f1425c69-17c7-4fa2-a7e8-0ea9f8f2f62b', 'e0a330cd-90ee-47d6-84e0-6c38b39e603a', 'zh', '味噌汤', NULL, CURRENT_TIMESTAMP, CURRENT_TIMESTAMP);
INSERT INTO product_translations (id, product_id, language, name, description, created_at, updated_at) VALUES ('61df6cf2-7df4-40c6-8d4e-98bd92f3dbef', 'eb97a61a-90d5-4035-b649-0a42daaa7a9d', 'en', 'Tofu skewers', NULL, CURRENT_TIMESTAMP, CURRENT_TIMESTAMP);
INSERT INTO product_translations (id, product_id, language, name, description, created_at, updated_at) VALUES ('fd4f54c0-6640-434b-a18c-adbf0ce69e80', 'eb97a61a-90d5-4035-b649-0a42daaa7a9d', 'fr', 'Brochette de tofu', NULL, CURRENT_TIMESTAMP, CURRENT_TIMESTAMP);
INSERT INTO product_translations (id, product_id, language, name, description, created_at, updated_at) VALUES ('a5b82e1e-bdf3-4d3a-954b-2ba14d0e8989', 'eb97a61a-90d5-4035-b649-0a42daaa7a9d', 'zh', '豆腐串', NULL, CURRENT_TIMESTAMP, CURRENT_TIMESTAMP);
INSERT INTO product_translations (id, product_id, language, name, description, created_at, updated_at) VALUES ('e40f0d2f-b115-4629-9539-dfdb895a845a', 'eedd1790-cf4c-46ca-b5ad-7da57d9b0141', 'en', 'Chicken skewer', NULL, CURRENT_TIMESTAMP, CURRENT_TIMESTAMP);
INSERT INTO product_translations (id, product_id, language, name, description, created_at, updated_at) VALUES ('ff29ff26-e188-41d4-a5fa-ac5059e50af2', 'eedd1790-cf4c-46ca-b5ad-7da57d9b0141', 'fr', 'Brochette de poulet', NULL, CURRENT_TIMESTAMP, CURRENT_TIMESTAMP);
INSERT INTO product_translations (id, product_id, language, name, description, created_at, updated_at) VALUES ('5fdb8180-2947-4a1f-8485-480d51c038a6', 'eedd1790-cf4c-46ca-b5ad-7da57d9b0141', 'zh', '鸡肉串', NULL, CURRENT_TIMESTAMP, CURRENT_TIMESTAMP);

COMMIT;
