-- YGF Liège menu seed (Paris Deliveroo-inspired). Generated by gen_ygf_seed.py — re-runnable.
BEGIN;
INSERT INTO product_categories (id, "order", slug) VALUES ('e5cc6eb0-b4b7-5fda-bd94-745092d5c96f', 1, 'entrees') ON CONFLICT (id) DO NOTHING;
INSERT INTO product_category_translations (id, product_category_id, name, language) VALUES ('32de18db-5a7e-5040-b063-d4569d361fdf', 'e5cc6eb0-b4b7-5fda-bd94-745092d5c96f', 'Entrées', 'fr') ON CONFLICT (id) DO NOTHING;
INSERT INTO product_category_translations (id, product_category_id, name, language) VALUES ('38d5ac10-5586-51f5-a700-f8404206e65a', 'e5cc6eb0-b4b7-5fda-bd94-745092d5c96f', 'Starters', 'en') ON CONFLICT (id) DO NOTHING;
INSERT INTO product_category_translations (id, product_category_id, name, language) VALUES ('08c9c724-2a5a-54aa-9390-9024a81b1533', 'e5cc6eb0-b4b7-5fda-bd94-745092d5c96f', 'Voorgerechten', 'nl') ON CONFLICT (id) DO NOTHING;
INSERT INTO product_category_translations (id, product_category_id, name, language) VALUES ('721a4b5f-775f-5d8a-886d-e0615a862896', 'e5cc6eb0-b4b7-5fda-bd94-745092d5c96f', '前菜', 'zh') ON CONFLICT (id) DO NOTHING;
INSERT INTO product_categories (id, "order", slug) VALUES ('2483499b-9c4d-5996-949f-c2e7a4ad3620', 2, 'malatang') ON CONFLICT (id) DO NOTHING;
INSERT INTO product_category_translations (id, product_category_id, name, language) VALUES ('69753e38-296c-591d-b27d-4557f63a789d', '2483499b-9c4d-5996-949f-c2e7a4ad3620', 'Malatang avec bouillon', 'fr') ON CONFLICT (id) DO NOTHING;
INSERT INTO product_category_translations (id, product_category_id, name, language) VALUES ('c1759cb0-8340-5f1a-86ce-136be15780db', '2483499b-9c4d-5996-949f-c2e7a4ad3620', 'Malatang with broth', 'en') ON CONFLICT (id) DO NOTHING;
INSERT INTO product_category_translations (id, product_category_id, name, language) VALUES ('95e0ea97-9d6c-5249-b97f-eeac6dff5b58', '2483499b-9c4d-5996-949f-c2e7a4ad3620', 'Malatang met bouillon', 'nl') ON CONFLICT (id) DO NOTHING;
INSERT INTO product_category_translations (id, product_category_id, name, language) VALUES ('03d8edf2-ec85-5474-994f-e65ca3b70db2', '2483499b-9c4d-5996-949f-c2e7a4ad3620', '麻辣烫', 'zh') ON CONFLICT (id) DO NOTHING;
INSERT INTO product_categories (id, "order", slug) VALUES ('f548b55b-9e94-5d72-a740-c3a25e07b5f3', 3, 'mala-mix') ON CONFLICT (id) DO NOTHING;
INSERT INTO product_category_translations (id, product_category_id, name, language) VALUES ('b3bba543-926f-5d71-90c5-d263388427b8', 'f548b55b-9e94-5d72-a740-c3a25e07b5f3', 'Mala Mix sans bouillon', 'fr') ON CONFLICT (id) DO NOTHING;
INSERT INTO product_category_translations (id, product_category_id, name, language) VALUES ('c419fe43-a1b9-54d7-912d-6e923353260c', 'f548b55b-9e94-5d72-a740-c3a25e07b5f3', 'Mala Mix without broth', 'en') ON CONFLICT (id) DO NOTHING;
INSERT INTO product_category_translations (id, product_category_id, name, language) VALUES ('dfc04bee-0e97-53b4-95d5-d6d9e22d9a35', 'f548b55b-9e94-5d72-a740-c3a25e07b5f3', 'Mala Mix zonder bouillon', 'nl') ON CONFLICT (id) DO NOTHING;
INSERT INTO product_category_translations (id, product_category_id, name, language) VALUES ('d6dfa6ed-1ae1-567c-986a-084dd14b964b', 'f548b55b-9e94-5d72-a740-c3a25e07b5f3', '麻辣拌', 'zh') ON CONFLICT (id) DO NOTHING;
INSERT INTO product_categories (id, "order", slug) VALUES ('b6ca3230-c6d9-512c-ad98-ed25f260eb3a', 4, 'sur-mesure') ON CONFLICT (id) DO NOTHING;
INSERT INTO product_category_translations (id, product_category_id, name, language) VALUES ('482e845d-cd6f-55dd-a7d9-079dc2a10ebe', 'b6ca3230-c6d9-512c-ad98-ed25f260eb3a', 'Malatang sur mesure', 'fr') ON CONFLICT (id) DO NOTHING;
INSERT INTO product_category_translations (id, product_category_id, name, language) VALUES ('9fdd8c7d-fac6-5654-9f07-61335f486c3c', 'b6ca3230-c6d9-512c-ad98-ed25f260eb3a', 'Compose your bowl', 'en') ON CONFLICT (id) DO NOTHING;
INSERT INTO product_category_translations (id, product_category_id, name, language) VALUES ('f62181fd-e32a-5b96-894a-9d96db63196c', 'b6ca3230-c6d9-512c-ad98-ed25f260eb3a', 'Stel je bowl samen', 'nl') ON CONFLICT (id) DO NOTHING;
INSERT INTO product_category_translations (id, product_category_id, name, language) VALUES ('c4ecf696-97a7-5425-9128-b8bfa56bef2b', 'b6ca3230-c6d9-512c-ad98-ed25f260eb3a', '自选麻辣烫', 'zh') ON CONFLICT (id) DO NOTHING;
INSERT INTO product_categories (id, "order", slug) VALUES ('52a30131-c357-53c8-8b0a-4f26afa0c0d5', 5, 'nouilles') ON CONFLICT (id) DO NOTHING;
INSERT INTO product_category_translations (id, product_category_id, name, language) VALUES ('3c421a09-11d2-5a09-ad07-d59e8d11869a', '52a30131-c357-53c8-8b0a-4f26afa0c0d5', 'Nouilles', 'fr') ON CONFLICT (id) DO NOTHING;
INSERT INTO product_category_translations (id, product_category_id, name, language) VALUES ('c955d7b4-c60c-55b3-82b2-76696d5226ed', '52a30131-c357-53c8-8b0a-4f26afa0c0d5', 'Noodles', 'en') ON CONFLICT (id) DO NOTHING;
INSERT INTO product_category_translations (id, product_category_id, name, language) VALUES ('c93a8d01-7f39-5ee1-ba30-d220302c7e16', '52a30131-c357-53c8-8b0a-4f26afa0c0d5', 'Noedels', 'nl') ON CONFLICT (id) DO NOTHING;
INSERT INTO product_category_translations (id, product_category_id, name, language) VALUES ('443328a6-6706-585c-bcd9-2d8ac54b294f', '52a30131-c357-53c8-8b0a-4f26afa0c0d5', '面食', 'zh') ON CONFLICT (id) DO NOTHING;
INSERT INTO product_categories (id, "order", slug) VALUES ('691859f9-f8af-56bb-8109-416f4f9e75b0', 6, 'boissons') ON CONFLICT (id) DO NOTHING;
INSERT INTO product_category_translations (id, product_category_id, name, language) VALUES ('dc186308-7f3f-5e87-a06b-24900a4bf5a8', '691859f9-f8af-56bb-8109-416f4f9e75b0', 'Boissons', 'fr') ON CONFLICT (id) DO NOTHING;
INSERT INTO product_category_translations (id, product_category_id, name, language) VALUES ('f628d3d5-cf0b-587c-a999-dbbe2b7be686', '691859f9-f8af-56bb-8109-416f4f9e75b0', 'Drinks', 'en') ON CONFLICT (id) DO NOTHING;
INSERT INTO product_category_translations (id, product_category_id, name, language) VALUES ('8d887ffd-8c0d-5d93-b3d2-06d7c84434af', '691859f9-f8af-56bb-8109-416f4f9e75b0', 'Dranken', 'nl') ON CONFLICT (id) DO NOTHING;
INSERT INTO product_category_translations (id, product_category_id, name, language) VALUES ('92d5337c-4c05-575d-bafc-3397e29d028e', '691859f9-f8af-56bb-8109-416f4f9e75b0', '饮品', 'zh') ON CONFLICT (id) DO NOTHING;
INSERT INTO products (id, category_id, price, code, slug, is_halal, is_vegetarian, piece_count, is_discountable, is_spicy, vat_category) VALUES ('7bfadfc4-aaf7-5b04-8469-e17db2abd6a6', 'e5cc6eb0-b4b7-5fda-bd94-745092d5c96f', 5.80, 'E1', 'raviolis-chinois', false, false, 6, true, false, 'food') ON CONFLICT (id) DO NOTHING;
INSERT INTO product_translations (id, product_id, name, description, language) VALUES ('432f91c6-c28d-50d8-bed9-cccebc811be1', '7bfadfc4-aaf7-5b04-8469-e17db2abd6a6', 'Raviolis chinois grillés (6 pcs)', 'Raviolis au porc et à la ciboulette, grillés à la poêle, sauce soja vinaigrée.', 'fr') ON CONFLICT (id) DO NOTHING;
INSERT INTO product_translations (id, product_id, name, description, language) VALUES ('adcb70fd-d63a-5014-b1ff-b71798026858', '7bfadfc4-aaf7-5b04-8469-e17db2abd6a6', 'Grilled Chinese dumplings (6 pcs)', 'Pan-fried pork and chive dumplings with tangy soy dip.', 'en') ON CONFLICT (id) DO NOTHING;
INSERT INTO product_translations (id, product_id, name, description, language) VALUES ('c5157ad9-d74b-5203-9665-f23ff072694f', '7bfadfc4-aaf7-5b04-8469-e17db2abd6a6', 'Gegrilde Chinese dumplings (6 st.)', 'Gebakken dumplings met varkensvlees en bieslook, met sojadip.', 'nl') ON CONFLICT (id) DO NOTHING;
INSERT INTO product_translations (id, product_id, name, description, language) VALUES ('5d9eca35-de26-5080-8cb3-63b14f0bbe5e', '7bfadfc4-aaf7-5b04-8469-e17db2abd6a6', '香煎饺子（6件）', '猪肉韭菜煎饺，配香醋酱油蘸汁。', 'zh') ON CONFLICT (id) DO NOTHING;
INSERT INTO products (id, category_id, price, code, slug, is_halal, is_vegetarian, piece_count, is_discountable, is_spicy, vat_category) VALUES ('7e367a14-6906-53d5-826f-02133d04ebab', 'e5cc6eb0-b4b7-5fda-bd94-745092d5c96f', 4.50, 'E2', 'rouleaux-de-printemps', true, true, 3, true, false, 'food') ON CONFLICT (id) DO NOTHING;
INSERT INTO product_translations (id, product_id, name, description, language) VALUES ('f0f3c043-0605-5f7c-9a72-0d70a0f9dad1', '7e367a14-6906-53d5-826f-02133d04ebab', 'Rouleaux de printemps aux légumes (3 pcs)', 'Croustillants, garnis de légumes frais, servis avec sauce aigre-douce.', 'fr') ON CONFLICT (id) DO NOTHING;
INSERT INTO product_translations (id, product_id, name, description, language) VALUES ('6683f503-611b-56c6-b123-c70d2477c12b', '7e367a14-6906-53d5-826f-02133d04ebab', 'Vegetable spring rolls (3 pcs)', 'Crispy rolls filled with fresh vegetables, served with sweet & sour sauce.', 'en') ON CONFLICT (id) DO NOTHING;
INSERT INTO product_translations (id, product_id, name, description, language) VALUES ('8e8dfc73-2bc1-54eb-92ac-36e87a4f04cb', '7e367a14-6906-53d5-826f-02133d04ebab', 'Vegetarische loempia''s (3 st.)', 'Krokante loempia''s met verse groenten en zoetzure saus.', 'nl') ON CONFLICT (id) DO NOTHING;
INSERT INTO product_translations (id, product_id, name, description, language) VALUES ('1772d0e8-12a6-5c31-88bf-9bec1f31816b', '7e367a14-6906-53d5-826f-02133d04ebab', '蔬菜春卷（3件）', '香脆蔬菜春卷，配酸甜酱。', 'zh') ON CONFLICT (id) DO NOTHING;
INSERT INTO products (id, category_id, price, code, slug, is_halal, is_vegetarian, piece_count, is_discountable, is_spicy, vat_category) VALUES ('30a51e5a-7e55-59ab-9088-433b135bb762', 'e5cc6eb0-b4b7-5fda-bd94-745092d5c96f', 4.90, 'E3', 'salade-concombre', true, true, NULL, true, true, 'food') ON CONFLICT (id) DO NOTHING;
INSERT INTO product_translations (id, product_id, name, description, language) VALUES ('d6c46dac-6bc8-5e08-b5e4-c8ea9df8d79f', '30a51e5a-7e55-59ab-9088-433b135bb762', 'Salade de concombre à l''ail', 'Concombre écrasé, ail, vinaigre noir et huile pimentée.', 'fr') ON CONFLICT (id) DO NOTHING;
INSERT INTO product_translations (id, product_id, name, description, language) VALUES ('f7742801-04e6-510a-a0fa-7140152b46ea', '30a51e5a-7e55-59ab-9088-433b135bb762', 'Smashed cucumber salad', 'Crushed cucumber with garlic, black vinegar and chilli oil.', 'en') ON CONFLICT (id) DO NOTHING;
INSERT INTO product_translations (id, product_id, name, description, language) VALUES ('569d296e-7105-5fe0-b467-e0af06124a7a', '30a51e5a-7e55-59ab-9088-433b135bb762', 'Komkommersalade met knoflook', 'Geplette komkommer met knoflook, zwarte azijn en chili-olie.', 'nl') ON CONFLICT (id) DO NOTHING;
INSERT INTO product_translations (id, product_id, name, description, language) VALUES ('eb04096e-2507-5022-ab8d-b0670df0b03a', '30a51e5a-7e55-59ab-9088-433b135bb762', '拍黄瓜', '蒜香拍黄瓜，黑醋与辣油调味。', 'zh') ON CONFLICT (id) DO NOTHING;
INSERT INTO products (id, category_id, price, code, slug, is_halal, is_vegetarian, piece_count, is_discountable, is_spicy, vat_category) VALUES ('9cf66cca-d9d8-5091-9e1d-9b4af3feec16', 'e5cc6eb0-b4b7-5fda-bd94-745092d5c96f', 5.50, 'E4', 'baozi-porc', false, false, 2, true, false, 'food') ON CONFLICT (id) DO NOTHING;
INSERT INTO product_translations (id, product_id, name, description, language) VALUES ('bffa5d13-3fe9-5e5c-96c5-f69b9d473129', '9cf66cca-d9d8-5091-9e1d-9b4af3feec16', 'Baozi vapeur au porc (2 pcs)', 'Brioches vapeur moelleuses farcies au porc assaisonné.', 'fr') ON CONFLICT (id) DO NOTHING;
INSERT INTO product_translations (id, product_id, name, description, language) VALUES ('87a94348-0980-5ed2-b418-8eeb952bcd87', '9cf66cca-d9d8-5091-9e1d-9b4af3feec16', 'Steamed pork baozi (2 pcs)', 'Fluffy steamed buns filled with seasoned pork.', 'en') ON CONFLICT (id) DO NOTHING;
INSERT INTO product_translations (id, product_id, name, description, language) VALUES ('ac0faf77-60af-508b-b49a-c30b1f24c071', '9cf66cca-d9d8-5091-9e1d-9b4af3feec16', 'Gestoomde baozi met varkensvlees (2 st.)', 'Luchtige gestoomde broodjes gevuld met gekruid varkensvlees.', 'nl') ON CONFLICT (id) DO NOTHING;
INSERT INTO product_translations (id, product_id, name, description, language) VALUES ('0f266515-efbd-5ed6-8d99-ad52bca38efa', '9cf66cca-d9d8-5091-9e1d-9b4af3feec16', '猪肉包子（2件）', '松软蒸包，猪肉馅料饱满多汁。', 'zh') ON CONFLICT (id) DO NOTHING;
INSERT INTO products (id, category_id, price, code, slug, is_halal, is_vegetarian, piece_count, is_discountable, is_spicy, vat_category) VALUES ('c273c306-d6a6-5185-a688-db568eecef99', '2483499b-9c4d-5996-949f-c2e7a4ad3620', 20.80, 'M1', 'malatang-decouverte', false, false, NULL, true, false, 'food') ON CONFLICT (id) DO NOTHING;
INSERT INTO product_translations (id, product_id, name, description, language) VALUES ('74f26a15-da3d-51ac-a283-ea5c46b65598', 'c273c306-d6a6-5185-a688-db568eecef99', 'Menu Découverte', 'Sélection équilibrée : légumes croquants, boulettes, tofu et nouilles de patate douce dans le bouillon de votre choix.', 'fr') ON CONFLICT (id) DO NOTHING;
INSERT INTO product_translations (id, product_id, name, description, language) VALUES ('73dcd5e7-27f1-5f1b-975c-f20f5be2140e', 'c273c306-d6a6-5185-a688-db568eecef99', 'Discovery Set', 'Balanced selection: crunchy vegetables, meatballs, tofu and sweet potato noodles in the broth of your choice.', 'en') ON CONFLICT (id) DO NOTHING;
INSERT INTO product_translations (id, product_id, name, description, language) VALUES ('2f08a8c5-3f9d-5079-98ba-b4e528f780d3', 'c273c306-d6a6-5185-a688-db568eecef99', 'Ontdekkingsmenu', 'Evenwichtige selectie: knapperige groenten, balletjes, tofu en zoete-aardappelnoedels in de bouillon van je keuze.', 'nl') ON CONFLICT (id) DO NOTHING;
INSERT INTO product_translations (id, product_id, name, description, language) VALUES ('cad53278-a631-5994-958f-8470f21e6c5f', 'c273c306-d6a6-5185-a688-db568eecef99', '初见套餐', '均衡搭配：时蔬、丸子、豆腐与红薯粉，汤底任选。', 'zh') ON CONFLICT (id) DO NOTHING;
INSERT INTO products (id, category_id, price, code, slug, is_halal, is_vegetarian, piece_count, is_discountable, is_spicy, vat_category) VALUES ('40ec0614-5255-5154-90b3-3326013c0b97', '2483499b-9c4d-5996-949f-c2e7a4ad3620', 24.80, 'M2', 'malatang-gourmand', false, false, NULL, true, false, 'food') ON CONFLICT (id) DO NOTHING;
INSERT INTO product_translations (id, product_id, name, description, language) VALUES ('fbd0cab7-e245-53bd-9416-431dfa06b783', '40ec0614-5255-5154-90b3-3326013c0b97', 'Menu Gourmand', 'La version généreuse : tranches de bœuf, crevettes, boulettes, légumes de saison et nouilles dans le bouillon de votre choix.', 'fr') ON CONFLICT (id) DO NOTHING;
INSERT INTO product_translations (id, product_id, name, description, language) VALUES ('4f35c170-32a7-55b7-9fe7-78b9221f1a2f', '40ec0614-5255-5154-90b3-3326013c0b97', 'Gourmet Set', 'The generous one: sliced beef, shrimp, meatballs, seasonal vegetables and noodles in the broth of your choice.', 'en') ON CONFLICT (id) DO NOTHING;
INSERT INTO product_translations (id, product_id, name, description, language) VALUES ('acfd441f-a68a-5a36-9759-386bf153e5c2', '40ec0614-5255-5154-90b3-3326013c0b97', 'Gourmandmenu', 'De royale versie: rundvleesplakjes, garnalen, balletjes, seizoensgroenten en noedels in de bouillon van je keuze.', 'nl') ON CONFLICT (id) DO NOTHING;
INSERT INTO product_translations (id, product_id, name, description, language) VALUES ('3f073215-abf8-5476-9a98-f86b830ae55e', '40ec0614-5255-5154-90b3-3326013c0b97', '豪华套餐', '丰盛之选：肥牛、鲜虾、丸子、时蔬与粉面，汤底任选。', 'zh') ON CONFLICT (id) DO NOTHING;
INSERT INTO products (id, category_id, price, code, slug, is_halal, is_vegetarian, piece_count, is_discountable, is_spicy, vat_category) VALUES ('e6de1c3f-281a-5bfe-8df2-a40cc4a880a2', '2483499b-9c4d-5996-949f-c2e7a4ad3620', 18.80, 'M3', 'malatang-vegetarien', true, true, NULL, true, false, 'food') ON CONFLICT (id) DO NOTHING;
INSERT INTO product_translations (id, product_id, name, description, language) VALUES ('0ea5ce01-77ec-5d4e-9c82-8456db21a487', 'e6de1c3f-281a-5bfe-8df2-a40cc4a880a2', 'Festin Végétarien', 'Tout en fraîcheur : tofu, champignons, légumes verts, algues et nouilles dans un bouillon végétarien.', 'fr') ON CONFLICT (id) DO NOTHING;
INSERT INTO product_translations (id, product_id, name, description, language) VALUES ('00a45baa-3168-5f07-af0a-eec2add1f5ca', 'e6de1c3f-281a-5bfe-8df2-a40cc4a880a2', 'Vegetarian Feast', 'All the freshness: tofu, mushrooms, leafy greens, seaweed and noodles in a vegetarian broth.', 'en') ON CONFLICT (id) DO NOTHING;
INSERT INTO product_translations (id, product_id, name, description, language) VALUES ('aab58fd7-217d-5671-a132-e45e658e9978', 'e6de1c3f-281a-5bfe-8df2-a40cc4a880a2', 'Vegetarisch Feest', 'Puur en fris: tofu, paddenstoelen, bladgroenten, zeewier en noedels in een vegetarische bouillon.', 'nl') ON CONFLICT (id) DO NOTHING;
INSERT INTO product_translations (id, product_id, name, description, language) VALUES ('26bfda7c-0be3-5e26-b4d8-f97155c0234a', 'e6de1c3f-281a-5bfe-8df2-a40cc4a880a2', '素食盛宴', '清新素选：豆腐、菌菇、绿叶蔬菜、海带与粉面，配素汤底。', 'zh') ON CONFLICT (id) DO NOTHING;
INSERT INTO products (id, category_id, price, code, slug, is_halal, is_vegetarian, piece_count, is_discountable, is_spicy, vat_category) VALUES ('034aa824-1829-5bd1-b2ea-b26503358d50', 'f548b55b-9e94-5d72-a740-c3a25e07b5f3', 20.80, 'X1', 'mala-mix-decouverte', false, false, NULL, true, true, 'food') ON CONFLICT (id) DO NOTHING;
INSERT INTO product_translations (id, product_id, name, description, language) VALUES ('fc733b03-e872-5926-8bd5-175e8df8203b', '034aa824-1829-5bd1-b2ea-b26503358d50', 'Mala Mix Découverte', 'La sélection Découverte sautée sans bouillon, enrobée de notre sauce sésame-cacahuète maison.', 'fr') ON CONFLICT (id) DO NOTHING;
INSERT INTO product_translations (id, product_id, name, description, language) VALUES ('b24a974a-e631-5f8e-a27b-af7a745d2f53', '034aa824-1829-5bd1-b2ea-b26503358d50', 'Mala Mix Discovery', 'The Discovery selection stir-tossed without broth, coated in our house sesame-peanut sauce.', 'en') ON CONFLICT (id) DO NOTHING;
INSERT INTO product_translations (id, product_id, name, description, language) VALUES ('96a166bc-a8b2-5b31-996f-abcb4aa1f125', '034aa824-1829-5bd1-b2ea-b26503358d50', 'Mala Mix Ontdekking', 'De Ontdekkingsselectie zonder bouillon, omhuld met onze huisgemaakte sesam-pindasaus.', 'nl') ON CONFLICT (id) DO NOTHING;
INSERT INTO product_translations (id, product_id, name, description, language) VALUES ('09cb4d9e-dedd-584f-bfb5-8f930123e8ea', '034aa824-1829-5bd1-b2ea-b26503358d50', '初见麻辣拌', '初见套餐食材干拌做法，裹上石磨芝麻花生酱。', 'zh') ON CONFLICT (id) DO NOTHING;
INSERT INTO products (id, category_id, price, code, slug, is_halal, is_vegetarian, piece_count, is_discountable, is_spicy, vat_category) VALUES ('7048d126-bd33-56fe-8db8-b01c929eab0e', 'f548b55b-9e94-5d72-a740-c3a25e07b5f3', 24.80, 'X2', 'mala-mix-gourmand', false, false, NULL, true, true, 'food') ON CONFLICT (id) DO NOTHING;
INSERT INTO product_translations (id, product_id, name, description, language) VALUES ('01edafb8-786a-57fd-821e-1a71fc2909ed', '7048d126-bd33-56fe-8db8-b01c929eab0e', 'Mala Mix Gourmand', 'La sélection Gourmand version sèche : bœuf, crevettes et légumes enrobés de sauce sésame-cacahuète.', 'fr') ON CONFLICT (id) DO NOTHING;
INSERT INTO product_translations (id, product_id, name, description, language) VALUES ('f817be16-d464-5388-8e16-67d133df4d43', '7048d126-bd33-56fe-8db8-b01c929eab0e', 'Mala Mix Gourmet', 'The Gourmet selection dry-style: beef, shrimp and vegetables coated in sesame-peanut sauce.', 'en') ON CONFLICT (id) DO NOTHING;
INSERT INTO product_translations (id, product_id, name, description, language) VALUES ('5afad677-ef5a-5db3-83ae-70ca004b5614', '7048d126-bd33-56fe-8db8-b01c929eab0e', 'Mala Mix Gourmand', 'De Gourmandselectie droog bereid: rundvlees, garnalen en groenten met sesam-pindasaus.', 'nl') ON CONFLICT (id) DO NOTHING;
INSERT INTO product_translations (id, product_id, name, description, language) VALUES ('d5cca511-6e64-520d-acd2-8fbbefd36c12', '7048d126-bd33-56fe-8db8-b01c929eab0e', '豪华麻辣拌', '豪华套餐食材干拌做法：肥牛、鲜虾与时蔬拌入麻酱。', 'zh') ON CONFLICT (id) DO NOTHING;
INSERT INTO products (id, category_id, price, code, slug, is_halal, is_vegetarian, piece_count, is_discountable, is_spicy, vat_category) VALUES ('6af3e490-9fb4-571f-875f-2077f8d272cd', 'f548b55b-9e94-5d72-a740-c3a25e07b5f3', 18.80, 'X3', 'mala-mix-vegetarien', true, true, NULL, true, true, 'food') ON CONFLICT (id) DO NOTHING;
INSERT INTO product_translations (id, product_id, name, description, language) VALUES ('8ae6e8c3-0944-5464-8e40-867e53754c5b', '6af3e490-9fb4-571f-875f-2077f8d272cd', 'Mala Mix Végétarien', 'Le Festin Végétarien version sèche, enrobé de sauce sésame-cacahuète maison.', 'fr') ON CONFLICT (id) DO NOTHING;
INSERT INTO product_translations (id, product_id, name, description, language) VALUES ('1692768c-5684-5e9f-895b-971566bfff7a', '6af3e490-9fb4-571f-875f-2077f8d272cd', 'Mala Mix Vegetarian', 'The Vegetarian Feast dry-style, coated in house sesame-peanut sauce.', 'en') ON CONFLICT (id) DO NOTHING;
INSERT INTO product_translations (id, product_id, name, description, language) VALUES ('48f5b735-7428-5318-ace8-b2850a22f012', '6af3e490-9fb4-571f-875f-2077f8d272cd', 'Mala Mix Vegetarisch', 'Het Vegetarisch Feest droog bereid, met huisgemaakte sesam-pindasaus.', 'nl') ON CONFLICT (id) DO NOTHING;
INSERT INTO product_translations (id, product_id, name, description, language) VALUES ('a094c21b-d867-545f-8d81-57f65ce52a84', '6af3e490-9fb4-571f-875f-2077f8d272cd', '素食麻辣拌', '素食盛宴干拌做法，拌入石磨芝麻花生酱。', 'zh') ON CONFLICT (id) DO NOTHING;
INSERT INTO products (id, category_id, price, code, slug, is_halal, is_vegetarian, piece_count, is_discountable, is_spicy, vat_category) VALUES ('90aa7eac-bf40-5f0e-a811-267247afcb38', 'b6ca3230-c6d9-512c-ad98-ed25f260eb3a', 2.50, 'C1', 'malatang-sur-mesure', false, false, NULL, true, false, 'food') ON CONFLICT (id) DO NOTHING;
INSERT INTO product_translations (id, product_id, name, description, language) VALUES ('8f6905dc-97f6-5db8-9b83-15a0b6f166d7', '90aa7eac-bf40-5f0e-a811-267247afcb38', 'Malatang sur mesure', 'Composez votre bol : choisissez votre base, puis au minimum 5 ingrédients parmi légumes, viandes, fruits de mer et nouilles.', 'fr') ON CONFLICT (id) DO NOTHING;
INSERT INTO product_translations (id, product_id, name, description, language) VALUES ('5c013121-b722-5b69-add5-223749e587a7', '90aa7eac-bf40-5f0e-a811-267247afcb38', 'Custom malatang bowl', 'Build your own bowl: pick your base, then at least 5 ingredients from vegetables, meats, seafood and noodles.', 'en') ON CONFLICT (id) DO NOTHING;
INSERT INTO product_translations (id, product_id, name, description, language) VALUES ('5a2fcdb7-0ce0-5b42-bddb-586699773dc2', '90aa7eac-bf40-5f0e-a811-267247afcb38', 'Malatang op maat', 'Stel je eigen bowl samen: kies je basis en minstens 5 ingrediënten uit groenten, vlees, zeevruchten en noedels.', 'nl') ON CONFLICT (id) DO NOTHING;
INSERT INTO product_translations (id, product_id, name, description, language) VALUES ('f3765d9b-dc4e-5f30-8cba-256bf37ce230', '90aa7eac-bf40-5f0e-a811-267247afcb38', '自选麻辣烫', '自由搭配：选择汤底或拌底，再从时蔬、肉类、海鲜与粉面中任选至少5种食材。', 'zh') ON CONFLICT (id) DO NOTHING;
INSERT INTO products (id, category_id, price, code, slug, is_halal, is_vegetarian, piece_count, is_discountable, is_spicy, vat_category) VALUES ('7d5fd1ac-5954-5d38-81fc-a1d72de335cc', '52a30131-c357-53c8-8b0a-4f26afa0c0d5', 12.99, 'N1', 'nouilles-boeuf-braise', false, false, NULL, true, false, 'food') ON CONFLICT (id) DO NOTHING;
INSERT INTO product_translations (id, product_id, name, description, language) VALUES ('da653e98-dee8-5d58-9bce-f78797c665eb', '7d5fd1ac-5954-5d38-81fc-a1d72de335cc', 'Nouilles au bœuf braisé', 'Soupe de nouilles fraîches au bœuf braisé, mijotée aux épices chinoises.', 'fr') ON CONFLICT (id) DO NOTHING;
INSERT INTO product_translations (id, product_id, name, description, language) VALUES ('bca9fcad-c2d7-5efc-9109-095ce98ee6ea', '7d5fd1ac-5954-5d38-81fc-a1d72de335cc', 'Braised beef noodle soup', 'Fresh noodle soup with braised beef, simmered in Chinese spices.', 'en') ON CONFLICT (id) DO NOTHING;
INSERT INTO product_translations (id, product_id, name, description, language) VALUES ('e837ecea-8d4f-5620-bfeb-68a319235a6a', '7d5fd1ac-5954-5d38-81fc-a1d72de335cc', 'Noedelsoep met gestoofd rundvlees', 'Verse noedelsoep met gestoofd rundvlees, gesudderd in Chinese kruiden.', 'nl') ON CONFLICT (id) DO NOTHING;
INSERT INTO product_translations (id, product_id, name, description, language) VALUES ('9b1716d3-cd59-5740-85af-bccaa8c807df', '7d5fd1ac-5954-5d38-81fc-a1d72de335cc', '红烧牛肉面', '现煮牛肉面，牛肉经中式香料慢炖入味。', 'zh') ON CONFLICT (id) DO NOTHING;
INSERT INTO products (id, category_id, price, code, slug, is_halal, is_vegetarian, piece_count, is_discountable, is_spicy, vat_category) VALUES ('2b2d319d-d4be-5c25-bfce-25c94614dc2c', '52a30131-c357-53c8-8b0a-4f26afa0c0d5', 18.99, 'N2', 'nouilles-fruits-de-mer', false, false, NULL, true, false, 'food') ON CONFLICT (id) DO NOTHING;
INSERT INTO product_translations (id, product_id, name, description, language) VALUES ('3b55637c-90ed-56ad-af73-cce11609b400', '2b2d319d-d4be-5c25-bfce-25c94614dc2c', 'Nouilles royales aux fruits de mer', 'Nouilles fraîches sautées aux crevettes, calamars et légumes croquants.', 'fr') ON CONFLICT (id) DO NOTHING;
INSERT INTO product_translations (id, product_id, name, description, language) VALUES ('76bff543-8ba8-576d-8cd6-865f0bb4a764', '2b2d319d-d4be-5c25-bfce-25c94614dc2c', 'Royal seafood noodles', 'Fresh noodles stir-fried with shrimp, squid and crunchy vegetables.', 'en') ON CONFLICT (id) DO NOTHING;
INSERT INTO product_translations (id, product_id, name, description, language) VALUES ('c2c570a8-83a8-56ef-a590-f16feb35f9ed', '2b2d319d-d4be-5c25-bfce-25c94614dc2c', 'Koninklijke zeevruchtennoedels', 'Verse noedels geroerbakt met garnalen, inktvis en knapperige groenten.', 'nl') ON CONFLICT (id) DO NOTHING;
INSERT INTO product_translations (id, product_id, name, description, language) VALUES ('02f1ec48-eaf2-5e07-af91-7525b6b58f3d', '2b2d319d-d4be-5c25-bfce-25c94614dc2c', '海鲜炒面', '鲜虾、鱿鱼与时蔬爆炒现制面条。', 'zh') ON CONFLICT (id) DO NOTHING;
INSERT INTO products (id, category_id, price, code, slug, is_halal, is_vegetarian, piece_count, is_discountable, is_spicy, vat_category) VALUES ('3a9f54b8-219d-53a7-8261-65adc0c71928', '691859f9-f8af-56bb-8109-416f4f9e75b0', 3.50, 'B1', 'coca-cola', true, false, NULL, false, false, 'beverage') ON CONFLICT (id) DO NOTHING;
INSERT INTO product_translations (id, product_id, name, description, language) VALUES ('27ce0ff5-a311-5538-9c3e-8f181592e1b5', '3a9f54b8-219d-53a7-8261-65adc0c71928', 'Coca-Cola 33cl', NULL, 'fr') ON CONFLICT (id) DO NOTHING;
INSERT INTO product_translations (id, product_id, name, description, language) VALUES ('c28c7905-633c-5d4a-a3df-0af763d3e5b0', '3a9f54b8-219d-53a7-8261-65adc0c71928', 'Coca-Cola 33cl', NULL, 'en') ON CONFLICT (id) DO NOTHING;
INSERT INTO product_translations (id, product_id, name, description, language) VALUES ('5309a49f-f9a4-5b1b-bf84-821ac21a5e21', '3a9f54b8-219d-53a7-8261-65adc0c71928', 'Coca-Cola 33cl', NULL, 'nl') ON CONFLICT (id) DO NOTHING;
INSERT INTO product_translations (id, product_id, name, description, language) VALUES ('7f9fe9fe-c293-5061-8355-2d08b4012c4a', '3a9f54b8-219d-53a7-8261-65adc0c71928', '可口可乐 33cl', NULL, 'zh') ON CONFLICT (id) DO NOTHING;
INSERT INTO products (id, category_id, price, code, slug, is_halal, is_vegetarian, piece_count, is_discountable, is_spicy, vat_category) VALUES ('5492babc-c53f-574e-bdd6-7b57e8fc19c6', '691859f9-f8af-56bb-8109-416f4f9e75b0', 3.50, 'B2', 'coca-cola-zero', true, false, NULL, false, false, 'beverage') ON CONFLICT (id) DO NOTHING;
INSERT INTO product_translations (id, product_id, name, description, language) VALUES ('bd6a67e5-9fa5-5b2b-ad16-3ca3c71f4f7c', '5492babc-c53f-574e-bdd6-7b57e8fc19c6', 'Coca-Cola Zéro 33cl', NULL, 'fr') ON CONFLICT (id) DO NOTHING;
INSERT INTO product_translations (id, product_id, name, description, language) VALUES ('ffd969ba-3d9a-590d-b6dd-91c618ebbdcc', '5492babc-c53f-574e-bdd6-7b57e8fc19c6', 'Coca-Cola Zero 33cl', NULL, 'en') ON CONFLICT (id) DO NOTHING;
INSERT INTO product_translations (id, product_id, name, description, language) VALUES ('a96babd4-968b-5f0c-bc9e-9ed903e45cce', '5492babc-c53f-574e-bdd6-7b57e8fc19c6', 'Coca-Cola Zero 33cl', NULL, 'nl') ON CONFLICT (id) DO NOTHING;
INSERT INTO product_translations (id, product_id, name, description, language) VALUES ('99cbde20-8626-5d97-b994-62f72406e30a', '5492babc-c53f-574e-bdd6-7b57e8fc19c6', '零度可乐 33cl', NULL, 'zh') ON CONFLICT (id) DO NOTHING;
INSERT INTO products (id, category_id, price, code, slug, is_halal, is_vegetarian, piece_count, is_discountable, is_spicy, vat_category) VALUES ('b8fba81b-e52a-50e2-a376-11b9824c837d', '691859f9-f8af-56bb-8109-416f4f9e75b0', 4.50, 'B3', 'the-glace-litchi', true, false, NULL, false, false, 'beverage') ON CONFLICT (id) DO NOTHING;
INSERT INTO product_translations (id, product_id, name, description, language) VALUES ('6406481e-2757-5dee-8ef8-79bbe79d4d05', 'b8fba81b-e52a-50e2-a376-11b9824c837d', 'Thé glacé au litchi', 'Thé glacé maison parfumé au litchi.', 'fr') ON CONFLICT (id) DO NOTHING;
INSERT INTO product_translations (id, product_id, name, description, language) VALUES ('693899dd-2219-58fd-b56e-0432ad1798ea', 'b8fba81b-e52a-50e2-a376-11b9824c837d', 'Lychee iced tea', 'House iced tea flavoured with lychee.', 'en') ON CONFLICT (id) DO NOTHING;
INSERT INTO product_translations (id, product_id, name, description, language) VALUES ('5fd5d53e-0285-5e4a-ae64-28d72f98b023', 'b8fba81b-e52a-50e2-a376-11b9824c837d', 'Lychee-ijsthee', 'Huisgemaakte ijsthee met lychee.', 'nl') ON CONFLICT (id) DO NOTHING;
INSERT INTO product_translations (id, product_id, name, description, language) VALUES ('b7639129-4d47-5c4f-9a9c-ef8a814526c3', 'b8fba81b-e52a-50e2-a376-11b9824c837d', '荔枝冰茶', '自制荔枝风味冰茶。', 'zh') ON CONFLICT (id) DO NOTHING;
INSERT INTO products (id, category_id, price, code, slug, is_halal, is_vegetarian, piece_count, is_discountable, is_spicy, vat_category) VALUES ('7f60fea4-d58c-59dd-9466-ee877da0624b', '691859f9-f8af-56bb-8109-416f4f9e75b0', 4.00, 'B4', 'jus-de-prune', true, false, NULL, false, false, 'beverage') ON CONFLICT (id) DO NOTHING;
INSERT INTO product_translations (id, product_id, name, description, language) VALUES ('db903049-3437-593f-b2fc-5f8297c81f0c', '7f60fea4-d58c-59dd-9466-ee877da0624b', 'Jus de prune fumé (suanmeitang)', 'Boisson traditionnelle chinoise à la prune fumée, servie fraîche.', 'fr') ON CONFLICT (id) DO NOTHING;
INSERT INTO product_translations (id, product_id, name, description, language) VALUES ('2793fdde-f8ad-5909-9ecd-d664ba87b798', '7f60fea4-d58c-59dd-9466-ee877da0624b', 'Smoked plum juice (suanmeitang)', 'Traditional Chinese smoked plum drink, served chilled.', 'en') ON CONFLICT (id) DO NOTHING;
INSERT INTO product_translations (id, product_id, name, description, language) VALUES ('de5b7353-3d03-5b4f-b85a-6ba5cf50909f', '7f60fea4-d58c-59dd-9466-ee877da0624b', 'Gerookte pruimendrank (suanmeitang)', 'Traditionele Chinese drank van gerookte pruimen, gekoeld geserveerd.', 'nl') ON CONFLICT (id) DO NOTHING;
INSERT INTO product_translations (id, product_id, name, description, language) VALUES ('85ddc46e-44be-5aa0-b1b9-db7ea7e1600c', '7f60fea4-d58c-59dd-9466-ee877da0624b', '酸梅汤', '传统乌梅饮品，冰镇享用。', 'zh') ON CONFLICT (id) DO NOTHING;
INSERT INTO products (id, category_id, price, code, slug, is_halal, is_vegetarian, piece_count, is_discountable, is_spicy, vat_category) VALUES ('16554b75-cf10-5b4c-a89a-df6dd70e4d8e', '691859f9-f8af-56bb-8109-416f4f9e75b0', 2.50, 'B5', 'eau-minerale', true, false, NULL, false, false, 'beverage') ON CONFLICT (id) DO NOTHING;
INSERT INTO product_translations (id, product_id, name, description, language) VALUES ('0bed4754-3054-55e5-a63d-02acccad8697', '16554b75-cf10-5b4c-a89a-df6dd70e4d8e', 'Eau minérale 50cl', NULL, 'fr') ON CONFLICT (id) DO NOTHING;
INSERT INTO product_translations (id, product_id, name, description, language) VALUES ('40b05a65-fe20-503d-b01d-f4728e8fda69', '16554b75-cf10-5b4c-a89a-df6dd70e4d8e', 'Mineral water 50cl', NULL, 'en') ON CONFLICT (id) DO NOTHING;
INSERT INTO product_translations (id, product_id, name, description, language) VALUES ('41d89558-b1dc-533a-9092-78539f02bcc1', '16554b75-cf10-5b4c-a89a-df6dd70e4d8e', 'Mineraalwater 50cl', NULL, 'nl') ON CONFLICT (id) DO NOTHING;
INSERT INTO product_translations (id, product_id, name, description, language) VALUES ('7c1fd027-6ca5-5a85-ac98-a5baacd33294', '16554b75-cf10-5b4c-a89a-df6dd70e4d8e', '矿泉水 50cl', NULL, 'zh') ON CONFLICT (id) DO NOTHING;
INSERT INTO product_choice_groups (id, product_id, min_selections, max_selections, sort_order) VALUES ('11a90e00-d0b7-528c-89d8-3dcfea08e493', 'c273c306-d6a6-5185-a688-db568eecef99', 1, 1, 0) ON CONFLICT (id) DO NOTHING;
INSERT INTO product_choice_group_translations (product_choice_group_id, locale, name) VALUES ('11a90e00-d0b7-528c-89d8-3dcfea08e493', 'fr', 'Bouillon au choix') ON CONFLICT (product_choice_group_id, locale) DO NOTHING;
INSERT INTO product_choice_group_translations (product_choice_group_id, locale, name) VALUES ('11a90e00-d0b7-528c-89d8-3dcfea08e493', 'en', 'Choose your broth') ON CONFLICT (product_choice_group_id, locale) DO NOTHING;
INSERT INTO product_choice_group_translations (product_choice_group_id, locale, name) VALUES ('11a90e00-d0b7-528c-89d8-3dcfea08e493', 'nl', 'Kies je bouillon') ON CONFLICT (product_choice_group_id, locale) DO NOTHING;
INSERT INTO product_choice_group_translations (product_choice_group_id, locale, name) VALUES ('11a90e00-d0b7-528c-89d8-3dcfea08e493', 'zh', '选择汤底') ON CONFLICT (product_choice_group_id, locale) DO NOTHING;
INSERT INTO product_choices (id, product_id, price_modifier, sort_order, choice_group_id) VALUES ('f2dc6346-bb98-5a15-b282-baabb96fb37a', 'c273c306-d6a6-5185-a688-db568eecef99', 0.00, 0, '11a90e00-d0b7-528c-89d8-3dcfea08e493') ON CONFLICT (id) DO NOTHING;
INSERT INTO product_choice_translations (product_choice_id, locale, name) VALUES ('f2dc6346-bb98-5a15-b282-baabb96fb37a', 'fr', 'Bouillon d''os de bœuf épicé') ON CONFLICT (product_choice_id, locale) DO NOTHING;
INSERT INTO product_choice_translations (product_choice_id, locale, name) VALUES ('f2dc6346-bb98-5a15-b282-baabb96fb37a', 'en', 'Classic Herbal Beef Bone Broth') ON CONFLICT (product_choice_id, locale) DO NOTHING;
INSERT INTO product_choice_translations (product_choice_id, locale, name) VALUES ('f2dc6346-bb98-5a15-b282-baabb96fb37a', 'nl', 'Runderbottenbouillon met kruiden') ON CONFLICT (product_choice_id, locale) DO NOTHING;
INSERT INTO product_choice_translations (product_choice_id, locale, name) VALUES ('f2dc6346-bb98-5a15-b282-baabb96fb37a', 'zh', '经典草本骨汤') ON CONFLICT (product_choice_id, locale) DO NOTHING;
INSERT INTO product_choices (id, product_id, price_modifier, sort_order, choice_group_id) VALUES ('8fedd439-2b71-5760-8c02-5aec47a9e8b3', 'c273c306-d6a6-5185-a688-db568eecef99', 0.00, 1, '11a90e00-d0b7-528c-89d8-3dcfea08e493') ON CONFLICT (id) DO NOTHING;
INSERT INTO product_choice_translations (product_choice_id, locale, name) VALUES ('8fedd439-2b71-5760-8c02-5aec47a9e8b3', 'fr', 'Bouillon tomate mijoté') ON CONFLICT (product_choice_id, locale) DO NOTHING;
INSERT INTO product_choice_translations (product_choice_id, locale, name) VALUES ('8fedd439-2b71-5760-8c02-5aec47a9e8b3', 'en', 'Sweet & Sour Tomato Broth') ON CONFLICT (product_choice_id, locale) DO NOTHING;
INSERT INTO product_choice_translations (product_choice_id, locale, name) VALUES ('8fedd439-2b71-5760-8c02-5aec47a9e8b3', 'nl', 'Gestoofde tomatenbouillon') ON CONFLICT (product_choice_id, locale) DO NOTHING;
INSERT INTO product_choice_translations (product_choice_id, locale, name) VALUES ('8fedd439-2b71-5760-8c02-5aec47a9e8b3', 'zh', '酸甜番茄汤') ON CONFLICT (product_choice_id, locale) DO NOTHING;
INSERT INTO product_choices (id, product_id, price_modifier, sort_order, choice_group_id) VALUES ('b47628c1-ea20-5775-b7dc-ab2b4e47758c', 'c273c306-d6a6-5185-a688-db568eecef99', 0.00, 2, '11a90e00-d0b7-528c-89d8-3dcfea08e493') ON CONFLICT (id) DO NOTHING;
INSERT INTO product_choice_translations (product_choice_id, locale, name) VALUES ('b47628c1-ea20-5775-b7dc-ab2b4e47758c', 'fr', 'Bouillon thaïlandais Tom Yum') ON CONFLICT (product_choice_id, locale) DO NOTHING;
INSERT INTO product_choice_translations (product_choice_id, locale, name) VALUES ('b47628c1-ea20-5775-b7dc-ab2b4e47758c', 'en', 'Thai Tom Yum Broth') ON CONFLICT (product_choice_id, locale) DO NOTHING;
INSERT INTO product_choice_translations (product_choice_id, locale, name) VALUES ('b47628c1-ea20-5775-b7dc-ab2b4e47758c', 'nl', 'Thaise tomyum-bouillon') ON CONFLICT (product_choice_id, locale) DO NOTHING;
INSERT INTO product_choice_translations (product_choice_id, locale, name) VALUES ('b47628c1-ea20-5775-b7dc-ab2b4e47758c', 'zh', '酸辣冬阴功') ON CONFLICT (product_choice_id, locale) DO NOTHING;
INSERT INTO product_choices (id, product_id, price_modifier, sort_order, choice_group_id) VALUES ('45ba768d-08ce-5ed6-8a00-98d402f47abe', 'c273c306-d6a6-5185-a688-db568eecef99', 0.00, 3, '11a90e00-d0b7-528c-89d8-3dcfea08e493') ON CONFLICT (id) DO NOTHING;
INSERT INTO product_choice_translations (product_choice_id, locale, name) VALUES ('45ba768d-08ce-5ed6-8a00-98d402f47abe', 'fr', 'Bouillon champignons') ON CONFLICT (product_choice_id, locale) DO NOTHING;
INSERT INTO product_choice_translations (product_choice_id, locale, name) VALUES ('45ba768d-08ce-5ed6-8a00-98d402f47abe', 'en', 'Herbal Mushroom Broth') ON CONFLICT (product_choice_id, locale) DO NOTHING;
INSERT INTO product_choice_translations (product_choice_id, locale, name) VALUES ('45ba768d-08ce-5ed6-8a00-98d402f47abe', 'nl', 'Paddenstoelenbouillon met kruiden') ON CONFLICT (product_choice_id, locale) DO NOTHING;
INSERT INTO product_choice_translations (product_choice_id, locale, name) VALUES ('45ba768d-08ce-5ed6-8a00-98d402f47abe', 'zh', '草本穹顶菌汤') ON CONFLICT (product_choice_id, locale) DO NOTHING;
INSERT INTO product_choice_groups (id, product_id, min_selections, max_selections, sort_order) VALUES ('6f1324c8-e313-5836-961a-0b2a2861dafb', 'c273c306-d6a6-5185-a688-db568eecef99', 1, 1, 1) ON CONFLICT (id) DO NOTHING;
INSERT INTO product_choice_group_translations (product_choice_group_id, locale, name) VALUES ('6f1324c8-e313-5836-961a-0b2a2861dafb', 'fr', 'Niveau de piquant') ON CONFLICT (product_choice_group_id, locale) DO NOTHING;
INSERT INTO product_choice_group_translations (product_choice_group_id, locale, name) VALUES ('6f1324c8-e313-5836-961a-0b2a2861dafb', 'en', 'Spice level') ON CONFLICT (product_choice_group_id, locale) DO NOTHING;
INSERT INTO product_choice_group_translations (product_choice_group_id, locale, name) VALUES ('6f1324c8-e313-5836-961a-0b2a2861dafb', 'nl', 'Pittigheid') ON CONFLICT (product_choice_group_id, locale) DO NOTHING;
INSERT INTO product_choice_group_translations (product_choice_group_id, locale, name) VALUES ('6f1324c8-e313-5836-961a-0b2a2861dafb', 'zh', '辣度') ON CONFLICT (product_choice_group_id, locale) DO NOTHING;
INSERT INTO product_choices (id, product_id, price_modifier, sort_order, choice_group_id) VALUES ('528def2f-c39c-58c2-807c-42ff64ff71da', 'c273c306-d6a6-5185-a688-db568eecef99', 0.00, 0, '6f1324c8-e313-5836-961a-0b2a2861dafb') ON CONFLICT (id) DO NOTHING;
INSERT INTO product_choice_translations (product_choice_id, locale, name) VALUES ('528def2f-c39c-58c2-807c-42ff64ff71da', 'fr', 'Doux') ON CONFLICT (product_choice_id, locale) DO NOTHING;
INSERT INTO product_choice_translations (product_choice_id, locale, name) VALUES ('528def2f-c39c-58c2-807c-42ff64ff71da', 'en', 'Mild') ON CONFLICT (product_choice_id, locale) DO NOTHING;
INSERT INTO product_choice_translations (product_choice_id, locale, name) VALUES ('528def2f-c39c-58c2-807c-42ff64ff71da', 'nl', 'Mild') ON CONFLICT (product_choice_id, locale) DO NOTHING;
INSERT INTO product_choice_translations (product_choice_id, locale, name) VALUES ('528def2f-c39c-58c2-807c-42ff64ff71da', 'zh', '微辣') ON CONFLICT (product_choice_id, locale) DO NOTHING;
INSERT INTO product_choices (id, product_id, price_modifier, sort_order, choice_group_id) VALUES ('878b56ff-ad77-5939-a3c5-7d0f2489b549', 'c273c306-d6a6-5185-a688-db568eecef99', 0.00, 1, '6f1324c8-e313-5836-961a-0b2a2861dafb') ON CONFLICT (id) DO NOTHING;
INSERT INTO product_choice_translations (product_choice_id, locale, name) VALUES ('878b56ff-ad77-5939-a3c5-7d0f2489b549', 'fr', 'Moyen') ON CONFLICT (product_choice_id, locale) DO NOTHING;
INSERT INTO product_choice_translations (product_choice_id, locale, name) VALUES ('878b56ff-ad77-5939-a3c5-7d0f2489b549', 'en', 'Medium') ON CONFLICT (product_choice_id, locale) DO NOTHING;
INSERT INTO product_choice_translations (product_choice_id, locale, name) VALUES ('878b56ff-ad77-5939-a3c5-7d0f2489b549', 'nl', 'Medium') ON CONFLICT (product_choice_id, locale) DO NOTHING;
INSERT INTO product_choice_translations (product_choice_id, locale, name) VALUES ('878b56ff-ad77-5939-a3c5-7d0f2489b549', 'zh', '中辣') ON CONFLICT (product_choice_id, locale) DO NOTHING;
INSERT INTO product_choices (id, product_id, price_modifier, sort_order, choice_group_id) VALUES ('25a445fd-e796-5eb5-85a8-4827f98a22e0', 'c273c306-d6a6-5185-a688-db568eecef99', 0.00, 2, '6f1324c8-e313-5836-961a-0b2a2861dafb') ON CONFLICT (id) DO NOTHING;
INSERT INTO product_choice_translations (product_choice_id, locale, name) VALUES ('25a445fd-e796-5eb5-85a8-4827f98a22e0', 'fr', 'Fort') ON CONFLICT (product_choice_id, locale) DO NOTHING;
INSERT INTO product_choice_translations (product_choice_id, locale, name) VALUES ('25a445fd-e796-5eb5-85a8-4827f98a22e0', 'en', 'Hot') ON CONFLICT (product_choice_id, locale) DO NOTHING;
INSERT INTO product_choice_translations (product_choice_id, locale, name) VALUES ('25a445fd-e796-5eb5-85a8-4827f98a22e0', 'nl', 'Pittig') ON CONFLICT (product_choice_id, locale) DO NOTHING;
INSERT INTO product_choice_translations (product_choice_id, locale, name) VALUES ('25a445fd-e796-5eb5-85a8-4827f98a22e0', 'zh', '特辣') ON CONFLICT (product_choice_id, locale) DO NOTHING;
INSERT INTO product_choice_groups (id, product_id, min_selections, max_selections, sort_order) VALUES ('8923bc19-1eee-5861-9420-f5693b71f623', '40ec0614-5255-5154-90b3-3326013c0b97', 1, 1, 0) ON CONFLICT (id) DO NOTHING;
INSERT INTO product_choice_group_translations (product_choice_group_id, locale, name) VALUES ('8923bc19-1eee-5861-9420-f5693b71f623', 'fr', 'Bouillon au choix') ON CONFLICT (product_choice_group_id, locale) DO NOTHING;
INSERT INTO product_choice_group_translations (product_choice_group_id, locale, name) VALUES ('8923bc19-1eee-5861-9420-f5693b71f623', 'en', 'Choose your broth') ON CONFLICT (product_choice_group_id, locale) DO NOTHING;
INSERT INTO product_choice_group_translations (product_choice_group_id, locale, name) VALUES ('8923bc19-1eee-5861-9420-f5693b71f623', 'nl', 'Kies je bouillon') ON CONFLICT (product_choice_group_id, locale) DO NOTHING;
INSERT INTO product_choice_group_translations (product_choice_group_id, locale, name) VALUES ('8923bc19-1eee-5861-9420-f5693b71f623', 'zh', '选择汤底') ON CONFLICT (product_choice_group_id, locale) DO NOTHING;
INSERT INTO product_choices (id, product_id, price_modifier, sort_order, choice_group_id) VALUES ('5b436d8e-37aa-569c-b192-ae9b74b86b6a', '40ec0614-5255-5154-90b3-3326013c0b97', 0.00, 0, '8923bc19-1eee-5861-9420-f5693b71f623') ON CONFLICT (id) DO NOTHING;
INSERT INTO product_choice_translations (product_choice_id, locale, name) VALUES ('5b436d8e-37aa-569c-b192-ae9b74b86b6a', 'fr', 'Bouillon d''os de bœuf épicé') ON CONFLICT (product_choice_id, locale) DO NOTHING;
INSERT INTO product_choice_translations (product_choice_id, locale, name) VALUES ('5b436d8e-37aa-569c-b192-ae9b74b86b6a', 'en', 'Classic Herbal Beef Bone Broth') ON CONFLICT (product_choice_id, locale) DO NOTHING;
INSERT INTO product_choice_translations (product_choice_id, locale, name) VALUES ('5b436d8e-37aa-569c-b192-ae9b74b86b6a', 'nl', 'Runderbottenbouillon met kruiden') ON CONFLICT (product_choice_id, locale) DO NOTHING;
INSERT INTO product_choice_translations (product_choice_id, locale, name) VALUES ('5b436d8e-37aa-569c-b192-ae9b74b86b6a', 'zh', '经典草本骨汤') ON CONFLICT (product_choice_id, locale) DO NOTHING;
INSERT INTO product_choices (id, product_id, price_modifier, sort_order, choice_group_id) VALUES ('3f6361c0-3821-56c9-9a57-e79968030a1e', '40ec0614-5255-5154-90b3-3326013c0b97', 0.00, 1, '8923bc19-1eee-5861-9420-f5693b71f623') ON CONFLICT (id) DO NOTHING;
INSERT INTO product_choice_translations (product_choice_id, locale, name) VALUES ('3f6361c0-3821-56c9-9a57-e79968030a1e', 'fr', 'Bouillon tomate mijoté') ON CONFLICT (product_choice_id, locale) DO NOTHING;
INSERT INTO product_choice_translations (product_choice_id, locale, name) VALUES ('3f6361c0-3821-56c9-9a57-e79968030a1e', 'en', 'Sweet & Sour Tomato Broth') ON CONFLICT (product_choice_id, locale) DO NOTHING;
INSERT INTO product_choice_translations (product_choice_id, locale, name) VALUES ('3f6361c0-3821-56c9-9a57-e79968030a1e', 'nl', 'Gestoofde tomatenbouillon') ON CONFLICT (product_choice_id, locale) DO NOTHING;
INSERT INTO product_choice_translations (product_choice_id, locale, name) VALUES ('3f6361c0-3821-56c9-9a57-e79968030a1e', 'zh', '酸甜番茄汤') ON CONFLICT (product_choice_id, locale) DO NOTHING;
INSERT INTO product_choices (id, product_id, price_modifier, sort_order, choice_group_id) VALUES ('b66710d0-00f7-5a8f-90df-8c769e9c3418', '40ec0614-5255-5154-90b3-3326013c0b97', 0.00, 2, '8923bc19-1eee-5861-9420-f5693b71f623') ON CONFLICT (id) DO NOTHING;
INSERT INTO product_choice_translations (product_choice_id, locale, name) VALUES ('b66710d0-00f7-5a8f-90df-8c769e9c3418', 'fr', 'Bouillon thaïlandais Tom Yum') ON CONFLICT (product_choice_id, locale) DO NOTHING;
INSERT INTO product_choice_translations (product_choice_id, locale, name) VALUES ('b66710d0-00f7-5a8f-90df-8c769e9c3418', 'en', 'Thai Tom Yum Broth') ON CONFLICT (product_choice_id, locale) DO NOTHING;
INSERT INTO product_choice_translations (product_choice_id, locale, name) VALUES ('b66710d0-00f7-5a8f-90df-8c769e9c3418', 'nl', 'Thaise tomyum-bouillon') ON CONFLICT (product_choice_id, locale) DO NOTHING;
INSERT INTO product_choice_translations (product_choice_id, locale, name) VALUES ('b66710d0-00f7-5a8f-90df-8c769e9c3418', 'zh', '酸辣冬阴功') ON CONFLICT (product_choice_id, locale) DO NOTHING;
INSERT INTO product_choices (id, product_id, price_modifier, sort_order, choice_group_id) VALUES ('9af4c443-863c-503d-9e3a-d7ca05b6aee8', '40ec0614-5255-5154-90b3-3326013c0b97', 0.00, 3, '8923bc19-1eee-5861-9420-f5693b71f623') ON CONFLICT (id) DO NOTHING;
INSERT INTO product_choice_translations (product_choice_id, locale, name) VALUES ('9af4c443-863c-503d-9e3a-d7ca05b6aee8', 'fr', 'Bouillon champignons') ON CONFLICT (product_choice_id, locale) DO NOTHING;
INSERT INTO product_choice_translations (product_choice_id, locale, name) VALUES ('9af4c443-863c-503d-9e3a-d7ca05b6aee8', 'en', 'Herbal Mushroom Broth') ON CONFLICT (product_choice_id, locale) DO NOTHING;
INSERT INTO product_choice_translations (product_choice_id, locale, name) VALUES ('9af4c443-863c-503d-9e3a-d7ca05b6aee8', 'nl', 'Paddenstoelenbouillon met kruiden') ON CONFLICT (product_choice_id, locale) DO NOTHING;
INSERT INTO product_choice_translations (product_choice_id, locale, name) VALUES ('9af4c443-863c-503d-9e3a-d7ca05b6aee8', 'zh', '草本穹顶菌汤') ON CONFLICT (product_choice_id, locale) DO NOTHING;
INSERT INTO product_choice_groups (id, product_id, min_selections, max_selections, sort_order) VALUES ('f0bc4a65-4eba-5a10-afb3-9f30d6cafb20', '40ec0614-5255-5154-90b3-3326013c0b97', 1, 1, 1) ON CONFLICT (id) DO NOTHING;
INSERT INTO product_choice_group_translations (product_choice_group_id, locale, name) VALUES ('f0bc4a65-4eba-5a10-afb3-9f30d6cafb20', 'fr', 'Niveau de piquant') ON CONFLICT (product_choice_group_id, locale) DO NOTHING;
INSERT INTO product_choice_group_translations (product_choice_group_id, locale, name) VALUES ('f0bc4a65-4eba-5a10-afb3-9f30d6cafb20', 'en', 'Spice level') ON CONFLICT (product_choice_group_id, locale) DO NOTHING;
INSERT INTO product_choice_group_translations (product_choice_group_id, locale, name) VALUES ('f0bc4a65-4eba-5a10-afb3-9f30d6cafb20', 'nl', 'Pittigheid') ON CONFLICT (product_choice_group_id, locale) DO NOTHING;
INSERT INTO product_choice_group_translations (product_choice_group_id, locale, name) VALUES ('f0bc4a65-4eba-5a10-afb3-9f30d6cafb20', 'zh', '辣度') ON CONFLICT (product_choice_group_id, locale) DO NOTHING;
INSERT INTO product_choices (id, product_id, price_modifier, sort_order, choice_group_id) VALUES ('b107ff0f-9de2-5b84-ab7b-547584d58ea2', '40ec0614-5255-5154-90b3-3326013c0b97', 0.00, 0, 'f0bc4a65-4eba-5a10-afb3-9f30d6cafb20') ON CONFLICT (id) DO NOTHING;
INSERT INTO product_choice_translations (product_choice_id, locale, name) VALUES ('b107ff0f-9de2-5b84-ab7b-547584d58ea2', 'fr', 'Doux') ON CONFLICT (product_choice_id, locale) DO NOTHING;
INSERT INTO product_choice_translations (product_choice_id, locale, name) VALUES ('b107ff0f-9de2-5b84-ab7b-547584d58ea2', 'en', 'Mild') ON CONFLICT (product_choice_id, locale) DO NOTHING;
INSERT INTO product_choice_translations (product_choice_id, locale, name) VALUES ('b107ff0f-9de2-5b84-ab7b-547584d58ea2', 'nl', 'Mild') ON CONFLICT (product_choice_id, locale) DO NOTHING;
INSERT INTO product_choice_translations (product_choice_id, locale, name) VALUES ('b107ff0f-9de2-5b84-ab7b-547584d58ea2', 'zh', '微辣') ON CONFLICT (product_choice_id, locale) DO NOTHING;
INSERT INTO product_choices (id, product_id, price_modifier, sort_order, choice_group_id) VALUES ('ba18af59-671c-5610-97e5-2dbcc6dc1263', '40ec0614-5255-5154-90b3-3326013c0b97', 0.00, 1, 'f0bc4a65-4eba-5a10-afb3-9f30d6cafb20') ON CONFLICT (id) DO NOTHING;
INSERT INTO product_choice_translations (product_choice_id, locale, name) VALUES ('ba18af59-671c-5610-97e5-2dbcc6dc1263', 'fr', 'Moyen') ON CONFLICT (product_choice_id, locale) DO NOTHING;
INSERT INTO product_choice_translations (product_choice_id, locale, name) VALUES ('ba18af59-671c-5610-97e5-2dbcc6dc1263', 'en', 'Medium') ON CONFLICT (product_choice_id, locale) DO NOTHING;
INSERT INTO product_choice_translations (product_choice_id, locale, name) VALUES ('ba18af59-671c-5610-97e5-2dbcc6dc1263', 'nl', 'Medium') ON CONFLICT (product_choice_id, locale) DO NOTHING;
INSERT INTO product_choice_translations (product_choice_id, locale, name) VALUES ('ba18af59-671c-5610-97e5-2dbcc6dc1263', 'zh', '中辣') ON CONFLICT (product_choice_id, locale) DO NOTHING;
INSERT INTO product_choices (id, product_id, price_modifier, sort_order, choice_group_id) VALUES ('80bb5e5c-67f9-5a5e-93d6-bdebd1d89741', '40ec0614-5255-5154-90b3-3326013c0b97', 0.00, 2, 'f0bc4a65-4eba-5a10-afb3-9f30d6cafb20') ON CONFLICT (id) DO NOTHING;
INSERT INTO product_choice_translations (product_choice_id, locale, name) VALUES ('80bb5e5c-67f9-5a5e-93d6-bdebd1d89741', 'fr', 'Fort') ON CONFLICT (product_choice_id, locale) DO NOTHING;
INSERT INTO product_choice_translations (product_choice_id, locale, name) VALUES ('80bb5e5c-67f9-5a5e-93d6-bdebd1d89741', 'en', 'Hot') ON CONFLICT (product_choice_id, locale) DO NOTHING;
INSERT INTO product_choice_translations (product_choice_id, locale, name) VALUES ('80bb5e5c-67f9-5a5e-93d6-bdebd1d89741', 'nl', 'Pittig') ON CONFLICT (product_choice_id, locale) DO NOTHING;
INSERT INTO product_choice_translations (product_choice_id, locale, name) VALUES ('80bb5e5c-67f9-5a5e-93d6-bdebd1d89741', 'zh', '特辣') ON CONFLICT (product_choice_id, locale) DO NOTHING;
INSERT INTO product_choice_groups (id, product_id, min_selections, max_selections, sort_order) VALUES ('6a1d1365-df79-563d-9e4f-8baa8ac55b1a', 'e6de1c3f-281a-5bfe-8df2-a40cc4a880a2', 1, 1, 0) ON CONFLICT (id) DO NOTHING;
INSERT INTO product_choice_group_translations (product_choice_group_id, locale, name) VALUES ('6a1d1365-df79-563d-9e4f-8baa8ac55b1a', 'fr', 'Bouillon au choix') ON CONFLICT (product_choice_group_id, locale) DO NOTHING;
INSERT INTO product_choice_group_translations (product_choice_group_id, locale, name) VALUES ('6a1d1365-df79-563d-9e4f-8baa8ac55b1a', 'en', 'Choose your broth') ON CONFLICT (product_choice_group_id, locale) DO NOTHING;
INSERT INTO product_choice_group_translations (product_choice_group_id, locale, name) VALUES ('6a1d1365-df79-563d-9e4f-8baa8ac55b1a', 'nl', 'Kies je bouillon') ON CONFLICT (product_choice_group_id, locale) DO NOTHING;
INSERT INTO product_choice_group_translations (product_choice_group_id, locale, name) VALUES ('6a1d1365-df79-563d-9e4f-8baa8ac55b1a', 'zh', '选择汤底') ON CONFLICT (product_choice_group_id, locale) DO NOTHING;
INSERT INTO product_choices (id, product_id, price_modifier, sort_order, choice_group_id) VALUES ('dec86aa3-6dc4-5130-a3fe-0fd9e07530f9', 'e6de1c3f-281a-5bfe-8df2-a40cc4a880a2', 0.00, 0, '6a1d1365-df79-563d-9e4f-8baa8ac55b1a') ON CONFLICT (id) DO NOTHING;
INSERT INTO product_choice_translations (product_choice_id, locale, name) VALUES ('dec86aa3-6dc4-5130-a3fe-0fd9e07530f9', 'fr', 'Bouillon tomate mijoté') ON CONFLICT (product_choice_id, locale) DO NOTHING;
INSERT INTO product_choice_translations (product_choice_id, locale, name) VALUES ('dec86aa3-6dc4-5130-a3fe-0fd9e07530f9', 'en', 'Sweet & Sour Tomato Broth') ON CONFLICT (product_choice_id, locale) DO NOTHING;
INSERT INTO product_choice_translations (product_choice_id, locale, name) VALUES ('dec86aa3-6dc4-5130-a3fe-0fd9e07530f9', 'nl', 'Gestoofde tomatenbouillon') ON CONFLICT (product_choice_id, locale) DO NOTHING;
INSERT INTO product_choice_translations (product_choice_id, locale, name) VALUES ('dec86aa3-6dc4-5130-a3fe-0fd9e07530f9', 'zh', '酸甜番茄汤') ON CONFLICT (product_choice_id, locale) DO NOTHING;
INSERT INTO product_choices (id, product_id, price_modifier, sort_order, choice_group_id) VALUES ('f963fc79-5e85-548d-a319-e4244ef2c8e5', 'e6de1c3f-281a-5bfe-8df2-a40cc4a880a2', 0.00, 1, '6a1d1365-df79-563d-9e4f-8baa8ac55b1a') ON CONFLICT (id) DO NOTHING;
INSERT INTO product_choice_translations (product_choice_id, locale, name) VALUES ('f963fc79-5e85-548d-a319-e4244ef2c8e5', 'fr', 'Bouillon champignons') ON CONFLICT (product_choice_id, locale) DO NOTHING;
INSERT INTO product_choice_translations (product_choice_id, locale, name) VALUES ('f963fc79-5e85-548d-a319-e4244ef2c8e5', 'en', 'Herbal Mushroom Broth') ON CONFLICT (product_choice_id, locale) DO NOTHING;
INSERT INTO product_choice_translations (product_choice_id, locale, name) VALUES ('f963fc79-5e85-548d-a319-e4244ef2c8e5', 'nl', 'Paddenstoelenbouillon met kruiden') ON CONFLICT (product_choice_id, locale) DO NOTHING;
INSERT INTO product_choice_translations (product_choice_id, locale, name) VALUES ('f963fc79-5e85-548d-a319-e4244ef2c8e5', 'zh', '草本穹顶菌汤') ON CONFLICT (product_choice_id, locale) DO NOTHING;
INSERT INTO product_choice_groups (id, product_id, min_selections, max_selections, sort_order) VALUES ('0d2b14d9-ad72-5632-a81f-55421a80cc35', 'e6de1c3f-281a-5bfe-8df2-a40cc4a880a2', 1, 1, 1) ON CONFLICT (id) DO NOTHING;
INSERT INTO product_choice_group_translations (product_choice_group_id, locale, name) VALUES ('0d2b14d9-ad72-5632-a81f-55421a80cc35', 'fr', 'Niveau de piquant') ON CONFLICT (product_choice_group_id, locale) DO NOTHING;
INSERT INTO product_choice_group_translations (product_choice_group_id, locale, name) VALUES ('0d2b14d9-ad72-5632-a81f-55421a80cc35', 'en', 'Spice level') ON CONFLICT (product_choice_group_id, locale) DO NOTHING;
INSERT INTO product_choice_group_translations (product_choice_group_id, locale, name) VALUES ('0d2b14d9-ad72-5632-a81f-55421a80cc35', 'nl', 'Pittigheid') ON CONFLICT (product_choice_group_id, locale) DO NOTHING;
INSERT INTO product_choice_group_translations (product_choice_group_id, locale, name) VALUES ('0d2b14d9-ad72-5632-a81f-55421a80cc35', 'zh', '辣度') ON CONFLICT (product_choice_group_id, locale) DO NOTHING;
INSERT INTO product_choices (id, product_id, price_modifier, sort_order, choice_group_id) VALUES ('1abfcb62-991c-5e59-a394-9f8e41ace1e5', 'e6de1c3f-281a-5bfe-8df2-a40cc4a880a2', 0.00, 0, '0d2b14d9-ad72-5632-a81f-55421a80cc35') ON CONFLICT (id) DO NOTHING;
INSERT INTO product_choice_translations (product_choice_id, locale, name) VALUES ('1abfcb62-991c-5e59-a394-9f8e41ace1e5', 'fr', 'Doux') ON CONFLICT (product_choice_id, locale) DO NOTHING;
INSERT INTO product_choice_translations (product_choice_id, locale, name) VALUES ('1abfcb62-991c-5e59-a394-9f8e41ace1e5', 'en', 'Mild') ON CONFLICT (product_choice_id, locale) DO NOTHING;
INSERT INTO product_choice_translations (product_choice_id, locale, name) VALUES ('1abfcb62-991c-5e59-a394-9f8e41ace1e5', 'nl', 'Mild') ON CONFLICT (product_choice_id, locale) DO NOTHING;
INSERT INTO product_choice_translations (product_choice_id, locale, name) VALUES ('1abfcb62-991c-5e59-a394-9f8e41ace1e5', 'zh', '微辣') ON CONFLICT (product_choice_id, locale) DO NOTHING;
INSERT INTO product_choices (id, product_id, price_modifier, sort_order, choice_group_id) VALUES ('d523a2e1-108c-5a82-b465-0da0601508ba', 'e6de1c3f-281a-5bfe-8df2-a40cc4a880a2', 0.00, 1, '0d2b14d9-ad72-5632-a81f-55421a80cc35') ON CONFLICT (id) DO NOTHING;
INSERT INTO product_choice_translations (product_choice_id, locale, name) VALUES ('d523a2e1-108c-5a82-b465-0da0601508ba', 'fr', 'Moyen') ON CONFLICT (product_choice_id, locale) DO NOTHING;
INSERT INTO product_choice_translations (product_choice_id, locale, name) VALUES ('d523a2e1-108c-5a82-b465-0da0601508ba', 'en', 'Medium') ON CONFLICT (product_choice_id, locale) DO NOTHING;
INSERT INTO product_choice_translations (product_choice_id, locale, name) VALUES ('d523a2e1-108c-5a82-b465-0da0601508ba', 'nl', 'Medium') ON CONFLICT (product_choice_id, locale) DO NOTHING;
INSERT INTO product_choice_translations (product_choice_id, locale, name) VALUES ('d523a2e1-108c-5a82-b465-0da0601508ba', 'zh', '中辣') ON CONFLICT (product_choice_id, locale) DO NOTHING;
INSERT INTO product_choices (id, product_id, price_modifier, sort_order, choice_group_id) VALUES ('ae8a6922-5e73-5151-b32f-4d338f4e8b05', 'e6de1c3f-281a-5bfe-8df2-a40cc4a880a2', 0.00, 2, '0d2b14d9-ad72-5632-a81f-55421a80cc35') ON CONFLICT (id) DO NOTHING;
INSERT INTO product_choice_translations (product_choice_id, locale, name) VALUES ('ae8a6922-5e73-5151-b32f-4d338f4e8b05', 'fr', 'Fort') ON CONFLICT (product_choice_id, locale) DO NOTHING;
INSERT INTO product_choice_translations (product_choice_id, locale, name) VALUES ('ae8a6922-5e73-5151-b32f-4d338f4e8b05', 'en', 'Hot') ON CONFLICT (product_choice_id, locale) DO NOTHING;
INSERT INTO product_choice_translations (product_choice_id, locale, name) VALUES ('ae8a6922-5e73-5151-b32f-4d338f4e8b05', 'nl', 'Pittig') ON CONFLICT (product_choice_id, locale) DO NOTHING;
INSERT INTO product_choice_translations (product_choice_id, locale, name) VALUES ('ae8a6922-5e73-5151-b32f-4d338f4e8b05', 'zh', '特辣') ON CONFLICT (product_choice_id, locale) DO NOTHING;
INSERT INTO product_choice_groups (id, product_id, min_selections, max_selections, sort_order) VALUES ('9800a928-be9d-5b39-afb7-a2556d51f07e', '034aa824-1829-5bd1-b2ea-b26503358d50', 1, 1, 0) ON CONFLICT (id) DO NOTHING;
INSERT INTO product_choice_group_translations (product_choice_group_id, locale, name) VALUES ('9800a928-be9d-5b39-afb7-a2556d51f07e', 'fr', 'Niveau de piquant') ON CONFLICT (product_choice_group_id, locale) DO NOTHING;
INSERT INTO product_choice_group_translations (product_choice_group_id, locale, name) VALUES ('9800a928-be9d-5b39-afb7-a2556d51f07e', 'en', 'Spice level') ON CONFLICT (product_choice_group_id, locale) DO NOTHING;
INSERT INTO product_choice_group_translations (product_choice_group_id, locale, name) VALUES ('9800a928-be9d-5b39-afb7-a2556d51f07e', 'nl', 'Pittigheid') ON CONFLICT (product_choice_group_id, locale) DO NOTHING;
INSERT INTO product_choice_group_translations (product_choice_group_id, locale, name) VALUES ('9800a928-be9d-5b39-afb7-a2556d51f07e', 'zh', '辣度') ON CONFLICT (product_choice_group_id, locale) DO NOTHING;
INSERT INTO product_choices (id, product_id, price_modifier, sort_order, choice_group_id) VALUES ('1fe6017b-4875-59ed-a473-1722e705a77d', '034aa824-1829-5bd1-b2ea-b26503358d50', 0.00, 0, '9800a928-be9d-5b39-afb7-a2556d51f07e') ON CONFLICT (id) DO NOTHING;
INSERT INTO product_choice_translations (product_choice_id, locale, name) VALUES ('1fe6017b-4875-59ed-a473-1722e705a77d', 'fr', 'Doux') ON CONFLICT (product_choice_id, locale) DO NOTHING;
INSERT INTO product_choice_translations (product_choice_id, locale, name) VALUES ('1fe6017b-4875-59ed-a473-1722e705a77d', 'en', 'Mild') ON CONFLICT (product_choice_id, locale) DO NOTHING;
INSERT INTO product_choice_translations (product_choice_id, locale, name) VALUES ('1fe6017b-4875-59ed-a473-1722e705a77d', 'nl', 'Mild') ON CONFLICT (product_choice_id, locale) DO NOTHING;
INSERT INTO product_choice_translations (product_choice_id, locale, name) VALUES ('1fe6017b-4875-59ed-a473-1722e705a77d', 'zh', '微辣') ON CONFLICT (product_choice_id, locale) DO NOTHING;
INSERT INTO product_choices (id, product_id, price_modifier, sort_order, choice_group_id) VALUES ('9c87f679-dfc0-5f8f-aa9b-866e9669631e', '034aa824-1829-5bd1-b2ea-b26503358d50', 0.00, 1, '9800a928-be9d-5b39-afb7-a2556d51f07e') ON CONFLICT (id) DO NOTHING;
INSERT INTO product_choice_translations (product_choice_id, locale, name) VALUES ('9c87f679-dfc0-5f8f-aa9b-866e9669631e', 'fr', 'Moyen') ON CONFLICT (product_choice_id, locale) DO NOTHING;
INSERT INTO product_choice_translations (product_choice_id, locale, name) VALUES ('9c87f679-dfc0-5f8f-aa9b-866e9669631e', 'en', 'Medium') ON CONFLICT (product_choice_id, locale) DO NOTHING;
INSERT INTO product_choice_translations (product_choice_id, locale, name) VALUES ('9c87f679-dfc0-5f8f-aa9b-866e9669631e', 'nl', 'Medium') ON CONFLICT (product_choice_id, locale) DO NOTHING;
INSERT INTO product_choice_translations (product_choice_id, locale, name) VALUES ('9c87f679-dfc0-5f8f-aa9b-866e9669631e', 'zh', '中辣') ON CONFLICT (product_choice_id, locale) DO NOTHING;
INSERT INTO product_choices (id, product_id, price_modifier, sort_order, choice_group_id) VALUES ('fafd6a0e-c782-500a-8214-fc1d88b34872', '034aa824-1829-5bd1-b2ea-b26503358d50', 0.00, 2, '9800a928-be9d-5b39-afb7-a2556d51f07e') ON CONFLICT (id) DO NOTHING;
INSERT INTO product_choice_translations (product_choice_id, locale, name) VALUES ('fafd6a0e-c782-500a-8214-fc1d88b34872', 'fr', 'Fort') ON CONFLICT (product_choice_id, locale) DO NOTHING;
INSERT INTO product_choice_translations (product_choice_id, locale, name) VALUES ('fafd6a0e-c782-500a-8214-fc1d88b34872', 'en', 'Hot') ON CONFLICT (product_choice_id, locale) DO NOTHING;
INSERT INTO product_choice_translations (product_choice_id, locale, name) VALUES ('fafd6a0e-c782-500a-8214-fc1d88b34872', 'nl', 'Pittig') ON CONFLICT (product_choice_id, locale) DO NOTHING;
INSERT INTO product_choice_translations (product_choice_id, locale, name) VALUES ('fafd6a0e-c782-500a-8214-fc1d88b34872', 'zh', '特辣') ON CONFLICT (product_choice_id, locale) DO NOTHING;
INSERT INTO product_choice_groups (id, product_id, min_selections, max_selections, sort_order) VALUES ('e0966d01-e390-5caa-8b7e-fb8aa62a8fe8', '7048d126-bd33-56fe-8db8-b01c929eab0e', 1, 1, 0) ON CONFLICT (id) DO NOTHING;
INSERT INTO product_choice_group_translations (product_choice_group_id, locale, name) VALUES ('e0966d01-e390-5caa-8b7e-fb8aa62a8fe8', 'fr', 'Niveau de piquant') ON CONFLICT (product_choice_group_id, locale) DO NOTHING;
INSERT INTO product_choice_group_translations (product_choice_group_id, locale, name) VALUES ('e0966d01-e390-5caa-8b7e-fb8aa62a8fe8', 'en', 'Spice level') ON CONFLICT (product_choice_group_id, locale) DO NOTHING;
INSERT INTO product_choice_group_translations (product_choice_group_id, locale, name) VALUES ('e0966d01-e390-5caa-8b7e-fb8aa62a8fe8', 'nl', 'Pittigheid') ON CONFLICT (product_choice_group_id, locale) DO NOTHING;
INSERT INTO product_choice_group_translations (product_choice_group_id, locale, name) VALUES ('e0966d01-e390-5caa-8b7e-fb8aa62a8fe8', 'zh', '辣度') ON CONFLICT (product_choice_group_id, locale) DO NOTHING;
INSERT INTO product_choices (id, product_id, price_modifier, sort_order, choice_group_id) VALUES ('b3c318d7-45ca-595c-842b-98944cda2850', '7048d126-bd33-56fe-8db8-b01c929eab0e', 0.00, 0, 'e0966d01-e390-5caa-8b7e-fb8aa62a8fe8') ON CONFLICT (id) DO NOTHING;
INSERT INTO product_choice_translations (product_choice_id, locale, name) VALUES ('b3c318d7-45ca-595c-842b-98944cda2850', 'fr', 'Doux') ON CONFLICT (product_choice_id, locale) DO NOTHING;
INSERT INTO product_choice_translations (product_choice_id, locale, name) VALUES ('b3c318d7-45ca-595c-842b-98944cda2850', 'en', 'Mild') ON CONFLICT (product_choice_id, locale) DO NOTHING;
INSERT INTO product_choice_translations (product_choice_id, locale, name) VALUES ('b3c318d7-45ca-595c-842b-98944cda2850', 'nl', 'Mild') ON CONFLICT (product_choice_id, locale) DO NOTHING;
INSERT INTO product_choice_translations (product_choice_id, locale, name) VALUES ('b3c318d7-45ca-595c-842b-98944cda2850', 'zh', '微辣') ON CONFLICT (product_choice_id, locale) DO NOTHING;
INSERT INTO product_choices (id, product_id, price_modifier, sort_order, choice_group_id) VALUES ('a62cbe05-39e9-5548-b5c2-aa19150f3c53', '7048d126-bd33-56fe-8db8-b01c929eab0e', 0.00, 1, 'e0966d01-e390-5caa-8b7e-fb8aa62a8fe8') ON CONFLICT (id) DO NOTHING;
INSERT INTO product_choice_translations (product_choice_id, locale, name) VALUES ('a62cbe05-39e9-5548-b5c2-aa19150f3c53', 'fr', 'Moyen') ON CONFLICT (product_choice_id, locale) DO NOTHING;
INSERT INTO product_choice_translations (product_choice_id, locale, name) VALUES ('a62cbe05-39e9-5548-b5c2-aa19150f3c53', 'en', 'Medium') ON CONFLICT (product_choice_id, locale) DO NOTHING;
INSERT INTO product_choice_translations (product_choice_id, locale, name) VALUES ('a62cbe05-39e9-5548-b5c2-aa19150f3c53', 'nl', 'Medium') ON CONFLICT (product_choice_id, locale) DO NOTHING;
INSERT INTO product_choice_translations (product_choice_id, locale, name) VALUES ('a62cbe05-39e9-5548-b5c2-aa19150f3c53', 'zh', '中辣') ON CONFLICT (product_choice_id, locale) DO NOTHING;
INSERT INTO product_choices (id, product_id, price_modifier, sort_order, choice_group_id) VALUES ('01b3de5b-c0f2-5445-bf93-59896b088673', '7048d126-bd33-56fe-8db8-b01c929eab0e', 0.00, 2, 'e0966d01-e390-5caa-8b7e-fb8aa62a8fe8') ON CONFLICT (id) DO NOTHING;
INSERT INTO product_choice_translations (product_choice_id, locale, name) VALUES ('01b3de5b-c0f2-5445-bf93-59896b088673', 'fr', 'Fort') ON CONFLICT (product_choice_id, locale) DO NOTHING;
INSERT INTO product_choice_translations (product_choice_id, locale, name) VALUES ('01b3de5b-c0f2-5445-bf93-59896b088673', 'en', 'Hot') ON CONFLICT (product_choice_id, locale) DO NOTHING;
INSERT INTO product_choice_translations (product_choice_id, locale, name) VALUES ('01b3de5b-c0f2-5445-bf93-59896b088673', 'nl', 'Pittig') ON CONFLICT (product_choice_id, locale) DO NOTHING;
INSERT INTO product_choice_translations (product_choice_id, locale, name) VALUES ('01b3de5b-c0f2-5445-bf93-59896b088673', 'zh', '特辣') ON CONFLICT (product_choice_id, locale) DO NOTHING;
INSERT INTO product_choice_groups (id, product_id, min_selections, max_selections, sort_order) VALUES ('49611c1c-d104-58db-93e9-79ce16ac9b33', '6af3e490-9fb4-571f-875f-2077f8d272cd', 1, 1, 0) ON CONFLICT (id) DO NOTHING;
INSERT INTO product_choice_group_translations (product_choice_group_id, locale, name) VALUES ('49611c1c-d104-58db-93e9-79ce16ac9b33', 'fr', 'Niveau de piquant') ON CONFLICT (product_choice_group_id, locale) DO NOTHING;
INSERT INTO product_choice_group_translations (product_choice_group_id, locale, name) VALUES ('49611c1c-d104-58db-93e9-79ce16ac9b33', 'en', 'Spice level') ON CONFLICT (product_choice_group_id, locale) DO NOTHING;
INSERT INTO product_choice_group_translations (product_choice_group_id, locale, name) VALUES ('49611c1c-d104-58db-93e9-79ce16ac9b33', 'nl', 'Pittigheid') ON CONFLICT (product_choice_group_id, locale) DO NOTHING;
INSERT INTO product_choice_group_translations (product_choice_group_id, locale, name) VALUES ('49611c1c-d104-58db-93e9-79ce16ac9b33', 'zh', '辣度') ON CONFLICT (product_choice_group_id, locale) DO NOTHING;
INSERT INTO product_choices (id, product_id, price_modifier, sort_order, choice_group_id) VALUES ('0e8a11dc-301f-5e17-b946-3a508fdfffcd', '6af3e490-9fb4-571f-875f-2077f8d272cd', 0.00, 0, '49611c1c-d104-58db-93e9-79ce16ac9b33') ON CONFLICT (id) DO NOTHING;
INSERT INTO product_choice_translations (product_choice_id, locale, name) VALUES ('0e8a11dc-301f-5e17-b946-3a508fdfffcd', 'fr', 'Doux') ON CONFLICT (product_choice_id, locale) DO NOTHING;
INSERT INTO product_choice_translations (product_choice_id, locale, name) VALUES ('0e8a11dc-301f-5e17-b946-3a508fdfffcd', 'en', 'Mild') ON CONFLICT (product_choice_id, locale) DO NOTHING;
INSERT INTO product_choice_translations (product_choice_id, locale, name) VALUES ('0e8a11dc-301f-5e17-b946-3a508fdfffcd', 'nl', 'Mild') ON CONFLICT (product_choice_id, locale) DO NOTHING;
INSERT INTO product_choice_translations (product_choice_id, locale, name) VALUES ('0e8a11dc-301f-5e17-b946-3a508fdfffcd', 'zh', '微辣') ON CONFLICT (product_choice_id, locale) DO NOTHING;
INSERT INTO product_choices (id, product_id, price_modifier, sort_order, choice_group_id) VALUES ('080c43e5-56c7-5b56-b06f-b6a7b54d23f4', '6af3e490-9fb4-571f-875f-2077f8d272cd', 0.00, 1, '49611c1c-d104-58db-93e9-79ce16ac9b33') ON CONFLICT (id) DO NOTHING;
INSERT INTO product_choice_translations (product_choice_id, locale, name) VALUES ('080c43e5-56c7-5b56-b06f-b6a7b54d23f4', 'fr', 'Moyen') ON CONFLICT (product_choice_id, locale) DO NOTHING;
INSERT INTO product_choice_translations (product_choice_id, locale, name) VALUES ('080c43e5-56c7-5b56-b06f-b6a7b54d23f4', 'en', 'Medium') ON CONFLICT (product_choice_id, locale) DO NOTHING;
INSERT INTO product_choice_translations (product_choice_id, locale, name) VALUES ('080c43e5-56c7-5b56-b06f-b6a7b54d23f4', 'nl', 'Medium') ON CONFLICT (product_choice_id, locale) DO NOTHING;
INSERT INTO product_choice_translations (product_choice_id, locale, name) VALUES ('080c43e5-56c7-5b56-b06f-b6a7b54d23f4', 'zh', '中辣') ON CONFLICT (product_choice_id, locale) DO NOTHING;
INSERT INTO product_choices (id, product_id, price_modifier, sort_order, choice_group_id) VALUES ('60cbe153-746e-5e7f-90bf-94f85c115a4d', '6af3e490-9fb4-571f-875f-2077f8d272cd', 0.00, 2, '49611c1c-d104-58db-93e9-79ce16ac9b33') ON CONFLICT (id) DO NOTHING;
INSERT INTO product_choice_translations (product_choice_id, locale, name) VALUES ('60cbe153-746e-5e7f-90bf-94f85c115a4d', 'fr', 'Fort') ON CONFLICT (product_choice_id, locale) DO NOTHING;
INSERT INTO product_choice_translations (product_choice_id, locale, name) VALUES ('60cbe153-746e-5e7f-90bf-94f85c115a4d', 'en', 'Hot') ON CONFLICT (product_choice_id, locale) DO NOTHING;
INSERT INTO product_choice_translations (product_choice_id, locale, name) VALUES ('60cbe153-746e-5e7f-90bf-94f85c115a4d', 'nl', 'Pittig') ON CONFLICT (product_choice_id, locale) DO NOTHING;
INSERT INTO product_choice_translations (product_choice_id, locale, name) VALUES ('60cbe153-746e-5e7f-90bf-94f85c115a4d', 'zh', '特辣') ON CONFLICT (product_choice_id, locale) DO NOTHING;
INSERT INTO product_choice_groups (id, product_id, min_selections, max_selections, sort_order) VALUES ('de896d29-9882-50d7-afef-2b5fc1c8f471', '90aa7eac-bf40-5f0e-a811-267247afcb38', 1, 1, 0) ON CONFLICT (id) DO NOTHING;
INSERT INTO product_choice_group_translations (product_choice_group_id, locale, name) VALUES ('de896d29-9882-50d7-afef-2b5fc1c8f471', 'fr', 'Base : bouillon ou mala mix') ON CONFLICT (product_choice_group_id, locale) DO NOTHING;
INSERT INTO product_choice_group_translations (product_choice_group_id, locale, name) VALUES ('de896d29-9882-50d7-afef-2b5fc1c8f471', 'en', 'Base: broth or dry mix') ON CONFLICT (product_choice_group_id, locale) DO NOTHING;
INSERT INTO product_choice_group_translations (product_choice_group_id, locale, name) VALUES ('de896d29-9882-50d7-afef-2b5fc1c8f471', 'nl', 'Basis: bouillon of dry mix') ON CONFLICT (product_choice_group_id, locale) DO NOTHING;
INSERT INTO product_choice_group_translations (product_choice_group_id, locale, name) VALUES ('de896d29-9882-50d7-afef-2b5fc1c8f471', 'zh', '选择汤底或拌底') ON CONFLICT (product_choice_group_id, locale) DO NOTHING;
INSERT INTO product_choices (id, product_id, price_modifier, sort_order, choice_group_id) VALUES ('1e44a691-4b99-50c6-90c1-cb812fcc0700', '90aa7eac-bf40-5f0e-a811-267247afcb38', 0.00, 0, 'de896d29-9882-50d7-afef-2b5fc1c8f471') ON CONFLICT (id) DO NOTHING;
INSERT INTO product_choice_translations (product_choice_id, locale, name) VALUES ('1e44a691-4b99-50c6-90c1-cb812fcc0700', 'fr', 'Bouillon d''os de bœuf épicé') ON CONFLICT (product_choice_id, locale) DO NOTHING;
INSERT INTO product_choice_translations (product_choice_id, locale, name) VALUES ('1e44a691-4b99-50c6-90c1-cb812fcc0700', 'en', 'Classic Herbal Beef Bone Broth') ON CONFLICT (product_choice_id, locale) DO NOTHING;
INSERT INTO product_choice_translations (product_choice_id, locale, name) VALUES ('1e44a691-4b99-50c6-90c1-cb812fcc0700', 'nl', 'Runderbottenbouillon met kruiden') ON CONFLICT (product_choice_id, locale) DO NOTHING;
INSERT INTO product_choice_translations (product_choice_id, locale, name) VALUES ('1e44a691-4b99-50c6-90c1-cb812fcc0700', 'zh', '经典草本骨汤') ON CONFLICT (product_choice_id, locale) DO NOTHING;
INSERT INTO product_choices (id, product_id, price_modifier, sort_order, choice_group_id) VALUES ('36df4fff-9141-508b-b962-b6020d22142a', '90aa7eac-bf40-5f0e-a811-267247afcb38', 0.00, 1, 'de896d29-9882-50d7-afef-2b5fc1c8f471') ON CONFLICT (id) DO NOTHING;
INSERT INTO product_choice_translations (product_choice_id, locale, name) VALUES ('36df4fff-9141-508b-b962-b6020d22142a', 'fr', 'Bouillon tomate mijoté') ON CONFLICT (product_choice_id, locale) DO NOTHING;
INSERT INTO product_choice_translations (product_choice_id, locale, name) VALUES ('36df4fff-9141-508b-b962-b6020d22142a', 'en', 'Sweet & Sour Tomato Broth') ON CONFLICT (product_choice_id, locale) DO NOTHING;
INSERT INTO product_choice_translations (product_choice_id, locale, name) VALUES ('36df4fff-9141-508b-b962-b6020d22142a', 'nl', 'Gestoofde tomatenbouillon') ON CONFLICT (product_choice_id, locale) DO NOTHING;
INSERT INTO product_choice_translations (product_choice_id, locale, name) VALUES ('36df4fff-9141-508b-b962-b6020d22142a', 'zh', '酸甜番茄汤') ON CONFLICT (product_choice_id, locale) DO NOTHING;
INSERT INTO product_choices (id, product_id, price_modifier, sort_order, choice_group_id) VALUES ('cc458777-de73-548f-beaf-6e4adbf713d9', '90aa7eac-bf40-5f0e-a811-267247afcb38', 0.00, 2, 'de896d29-9882-50d7-afef-2b5fc1c8f471') ON CONFLICT (id) DO NOTHING;
INSERT INTO product_choice_translations (product_choice_id, locale, name) VALUES ('cc458777-de73-548f-beaf-6e4adbf713d9', 'fr', 'Bouillon thaïlandais Tom Yum') ON CONFLICT (product_choice_id, locale) DO NOTHING;
INSERT INTO product_choice_translations (product_choice_id, locale, name) VALUES ('cc458777-de73-548f-beaf-6e4adbf713d9', 'en', 'Thai Tom Yum Broth') ON CONFLICT (product_choice_id, locale) DO NOTHING;
INSERT INTO product_choice_translations (product_choice_id, locale, name) VALUES ('cc458777-de73-548f-beaf-6e4adbf713d9', 'nl', 'Thaise tomyum-bouillon') ON CONFLICT (product_choice_id, locale) DO NOTHING;
INSERT INTO product_choice_translations (product_choice_id, locale, name) VALUES ('cc458777-de73-548f-beaf-6e4adbf713d9', 'zh', '酸辣冬阴功') ON CONFLICT (product_choice_id, locale) DO NOTHING;
INSERT INTO product_choices (id, product_id, price_modifier, sort_order, choice_group_id) VALUES ('48a2885e-f9cf-5385-8f59-70e41862d042', '90aa7eac-bf40-5f0e-a811-267247afcb38', 0.00, 3, 'de896d29-9882-50d7-afef-2b5fc1c8f471') ON CONFLICT (id) DO NOTHING;
INSERT INTO product_choice_translations (product_choice_id, locale, name) VALUES ('48a2885e-f9cf-5385-8f59-70e41862d042', 'fr', 'Bouillon champignons') ON CONFLICT (product_choice_id, locale) DO NOTHING;
INSERT INTO product_choice_translations (product_choice_id, locale, name) VALUES ('48a2885e-f9cf-5385-8f59-70e41862d042', 'en', 'Herbal Mushroom Broth') ON CONFLICT (product_choice_id, locale) DO NOTHING;
INSERT INTO product_choice_translations (product_choice_id, locale, name) VALUES ('48a2885e-f9cf-5385-8f59-70e41862d042', 'nl', 'Paddenstoelenbouillon met kruiden') ON CONFLICT (product_choice_id, locale) DO NOTHING;
INSERT INTO product_choice_translations (product_choice_id, locale, name) VALUES ('48a2885e-f9cf-5385-8f59-70e41862d042', 'zh', '草本穹顶菌汤') ON CONFLICT (product_choice_id, locale) DO NOTHING;
INSERT INTO product_choices (id, product_id, price_modifier, sort_order, choice_group_id) VALUES ('e5113b19-f6e7-56e3-a701-56a69c075fa3', '90aa7eac-bf40-5f0e-a811-267247afcb38', 0.00, 4, 'de896d29-9882-50d7-afef-2b5fc1c8f471') ON CONFLICT (id) DO NOTHING;
INSERT INTO product_choice_translations (product_choice_id, locale, name) VALUES ('e5113b19-f6e7-56e3-a701-56a69c075fa3', 'fr', 'Mala Mix sans bouillon (sauce sésame-cacahuète)') ON CONFLICT (product_choice_id, locale) DO NOTHING;
INSERT INTO product_choice_translations (product_choice_id, locale, name) VALUES ('e5113b19-f6e7-56e3-a701-56a69c075fa3', 'en', 'Mala dry mix (sesame-peanut sauce)') ON CONFLICT (product_choice_id, locale) DO NOTHING;
INSERT INTO product_choice_translations (product_choice_id, locale, name) VALUES ('e5113b19-f6e7-56e3-a701-56a69c075fa3', 'nl', 'Mala dry mix (sesam-pindasaus)') ON CONFLICT (product_choice_id, locale) DO NOTHING;
INSERT INTO product_choice_translations (product_choice_id, locale, name) VALUES ('e5113b19-f6e7-56e3-a701-56a69c075fa3', 'zh', '石磨醇香麻辣拌') ON CONFLICT (product_choice_id, locale) DO NOTHING;
INSERT INTO product_choice_groups (id, product_id, min_selections, max_selections, sort_order) VALUES ('c6399999-ada8-5fad-b010-f10dacda2ed9', '90aa7eac-bf40-5f0e-a811-267247afcb38', 5, 20, 1) ON CONFLICT (id) DO NOTHING;
INSERT INTO product_choice_group_translations (product_choice_group_id, locale, name) VALUES ('c6399999-ada8-5fad-b010-f10dacda2ed9', 'fr', 'Ingrédients (min. 5)') ON CONFLICT (product_choice_group_id, locale) DO NOTHING;
INSERT INTO product_choice_group_translations (product_choice_group_id, locale, name) VALUES ('c6399999-ada8-5fad-b010-f10dacda2ed9', 'en', 'Ingredients (min. 5)') ON CONFLICT (product_choice_group_id, locale) DO NOTHING;
INSERT INTO product_choice_group_translations (product_choice_group_id, locale, name) VALUES ('c6399999-ada8-5fad-b010-f10dacda2ed9', 'nl', 'Ingrediënten (min. 5)') ON CONFLICT (product_choice_group_id, locale) DO NOTHING;
INSERT INTO product_choice_group_translations (product_choice_group_id, locale, name) VALUES ('c6399999-ada8-5fad-b010-f10dacda2ed9', 'zh', '自选食材（至少5份）') ON CONFLICT (product_choice_group_id, locale) DO NOTHING;
INSERT INTO product_choices (id, product_id, price_modifier, sort_order, choice_group_id) VALUES ('24db3ba8-8410-5725-b642-334e54d0ad8d', '90aa7eac-bf40-5f0e-a811-267247afcb38', 1.00, 0, 'c6399999-ada8-5fad-b010-f10dacda2ed9') ON CONFLICT (id) DO NOTHING;
INSERT INTO product_choice_translations (product_choice_id, locale, name) VALUES ('24db3ba8-8410-5725-b642-334e54d0ad8d', 'fr', 'Pak choï') ON CONFLICT (product_choice_id, locale) DO NOTHING;
INSERT INTO product_choice_translations (product_choice_id, locale, name) VALUES ('24db3ba8-8410-5725-b642-334e54d0ad8d', 'en', 'Pak choi') ON CONFLICT (product_choice_id, locale) DO NOTHING;
INSERT INTO product_choice_translations (product_choice_id, locale, name) VALUES ('24db3ba8-8410-5725-b642-334e54d0ad8d', 'nl', 'Paksoi') ON CONFLICT (product_choice_id, locale) DO NOTHING;
INSERT INTO product_choice_translations (product_choice_id, locale, name) VALUES ('24db3ba8-8410-5725-b642-334e54d0ad8d', 'zh', '上海青') ON CONFLICT (product_choice_id, locale) DO NOTHING;
INSERT INTO product_choices (id, product_id, price_modifier, sort_order, choice_group_id) VALUES ('1ffb199c-d175-5167-9e56-5696a297b987', '90aa7eac-bf40-5f0e-a811-267247afcb38', 1.00, 1, 'c6399999-ada8-5fad-b010-f10dacda2ed9') ON CONFLICT (id) DO NOTHING;
INSERT INTO product_choice_translations (product_choice_id, locale, name) VALUES ('1ffb199c-d175-5167-9e56-5696a297b987', 'fr', 'Épinards') ON CONFLICT (product_choice_id, locale) DO NOTHING;
INSERT INTO product_choice_translations (product_choice_id, locale, name) VALUES ('1ffb199c-d175-5167-9e56-5696a297b987', 'en', 'Spinach') ON CONFLICT (product_choice_id, locale) DO NOTHING;
INSERT INTO product_choice_translations (product_choice_id, locale, name) VALUES ('1ffb199c-d175-5167-9e56-5696a297b987', 'nl', 'Spinazie') ON CONFLICT (product_choice_id, locale) DO NOTHING;
INSERT INTO product_choice_translations (product_choice_id, locale, name) VALUES ('1ffb199c-d175-5167-9e56-5696a297b987', 'zh', '菠菜') ON CONFLICT (product_choice_id, locale) DO NOTHING;
INSERT INTO product_choices (id, product_id, price_modifier, sort_order, choice_group_id) VALUES ('cd89d12c-1c69-5071-8696-b70d9074af98', '90aa7eac-bf40-5f0e-a811-267247afcb38', 1.00, 2, 'c6399999-ada8-5fad-b010-f10dacda2ed9') ON CONFLICT (id) DO NOTHING;
INSERT INTO product_choice_translations (product_choice_id, locale, name) VALUES ('cd89d12c-1c69-5071-8696-b70d9074af98', 'fr', 'Pousses de soja') ON CONFLICT (product_choice_id, locale) DO NOTHING;
INSERT INTO product_choice_translations (product_choice_id, locale, name) VALUES ('cd89d12c-1c69-5071-8696-b70d9074af98', 'en', 'Bean sprouts') ON CONFLICT (product_choice_id, locale) DO NOTHING;
INSERT INTO product_choice_translations (product_choice_id, locale, name) VALUES ('cd89d12c-1c69-5071-8696-b70d9074af98', 'nl', 'Taugé') ON CONFLICT (product_choice_id, locale) DO NOTHING;
INSERT INTO product_choice_translations (product_choice_id, locale, name) VALUES ('cd89d12c-1c69-5071-8696-b70d9074af98', 'zh', '豆芽') ON CONFLICT (product_choice_id, locale) DO NOTHING;
INSERT INTO product_choices (id, product_id, price_modifier, sort_order, choice_group_id) VALUES ('a46ddc4c-da66-5bf5-becc-afc07e947a9d', '90aa7eac-bf40-5f0e-a811-267247afcb38', 1.00, 3, 'c6399999-ada8-5fad-b010-f10dacda2ed9') ON CONFLICT (id) DO NOTHING;
INSERT INTO product_choice_translations (product_choice_id, locale, name) VALUES ('a46ddc4c-da66-5bf5-becc-afc07e947a9d', 'fr', 'Brocoli') ON CONFLICT (product_choice_id, locale) DO NOTHING;
INSERT INTO product_choice_translations (product_choice_id, locale, name) VALUES ('a46ddc4c-da66-5bf5-becc-afc07e947a9d', 'en', 'Broccoli') ON CONFLICT (product_choice_id, locale) DO NOTHING;
INSERT INTO product_choice_translations (product_choice_id, locale, name) VALUES ('a46ddc4c-da66-5bf5-becc-afc07e947a9d', 'nl', 'Broccoli') ON CONFLICT (product_choice_id, locale) DO NOTHING;
INSERT INTO product_choice_translations (product_choice_id, locale, name) VALUES ('a46ddc4c-da66-5bf5-becc-afc07e947a9d', 'zh', '西兰花') ON CONFLICT (product_choice_id, locale) DO NOTHING;
INSERT INTO product_choices (id, product_id, price_modifier, sort_order, choice_group_id) VALUES ('15976d91-8ebc-5ae1-862a-94118b274bca', '90aa7eac-bf40-5f0e-a811-267247afcb38', 1.00, 4, 'c6399999-ada8-5fad-b010-f10dacda2ed9') ON CONFLICT (id) DO NOTHING;
INSERT INTO product_choice_translations (product_choice_id, locale, name) VALUES ('15976d91-8ebc-5ae1-862a-94118b274bca', 'fr', 'Champignons enoki') ON CONFLICT (product_choice_id, locale) DO NOTHING;
INSERT INTO product_choice_translations (product_choice_id, locale, name) VALUES ('15976d91-8ebc-5ae1-862a-94118b274bca', 'en', 'Enoki mushrooms') ON CONFLICT (product_choice_id, locale) DO NOTHING;
INSERT INTO product_choice_translations (product_choice_id, locale, name) VALUES ('15976d91-8ebc-5ae1-862a-94118b274bca', 'nl', 'Enoki-paddenstoelen') ON CONFLICT (product_choice_id, locale) DO NOTHING;
INSERT INTO product_choice_translations (product_choice_id, locale, name) VALUES ('15976d91-8ebc-5ae1-862a-94118b274bca', 'zh', '金针菇') ON CONFLICT (product_choice_id, locale) DO NOTHING;
INSERT INTO product_choices (id, product_id, price_modifier, sort_order, choice_group_id) VALUES ('fdab7617-af7f-54a2-a012-fa99de17d664', '90aa7eac-bf40-5f0e-a811-267247afcb38', 1.00, 5, 'c6399999-ada8-5fad-b010-f10dacda2ed9') ON CONFLICT (id) DO NOTHING;
INSERT INTO product_choice_translations (product_choice_id, locale, name) VALUES ('fdab7617-af7f-54a2-a012-fa99de17d664', 'fr', 'Champignons shiitaké') ON CONFLICT (product_choice_id, locale) DO NOTHING;
INSERT INTO product_choice_translations (product_choice_id, locale, name) VALUES ('fdab7617-af7f-54a2-a012-fa99de17d664', 'en', 'Shiitake mushrooms') ON CONFLICT (product_choice_id, locale) DO NOTHING;
INSERT INTO product_choice_translations (product_choice_id, locale, name) VALUES ('fdab7617-af7f-54a2-a012-fa99de17d664', 'nl', 'Shiitake-paddenstoelen') ON CONFLICT (product_choice_id, locale) DO NOTHING;
INSERT INTO product_choice_translations (product_choice_id, locale, name) VALUES ('fdab7617-af7f-54a2-a012-fa99de17d664', 'zh', '香菇') ON CONFLICT (product_choice_id, locale) DO NOTHING;
INSERT INTO product_choices (id, product_id, price_modifier, sort_order, choice_group_id) VALUES ('470b87e7-6d2d-5c29-9e1a-7deb9fe47e7b', '90aa7eac-bf40-5f0e-a811-267247afcb38', 1.00, 6, 'c6399999-ada8-5fad-b010-f10dacda2ed9') ON CONFLICT (id) DO NOTHING;
INSERT INTO product_choice_translations (product_choice_id, locale, name) VALUES ('470b87e7-6d2d-5c29-9e1a-7deb9fe47e7b', 'fr', 'Tofu frais') ON CONFLICT (product_choice_id, locale) DO NOTHING;
INSERT INTO product_choice_translations (product_choice_id, locale, name) VALUES ('470b87e7-6d2d-5c29-9e1a-7deb9fe47e7b', 'en', 'Fresh tofu') ON CONFLICT (product_choice_id, locale) DO NOTHING;
INSERT INTO product_choice_translations (product_choice_id, locale, name) VALUES ('470b87e7-6d2d-5c29-9e1a-7deb9fe47e7b', 'nl', 'Verse tofu') ON CONFLICT (product_choice_id, locale) DO NOTHING;
INSERT INTO product_choice_translations (product_choice_id, locale, name) VALUES ('470b87e7-6d2d-5c29-9e1a-7deb9fe47e7b', 'zh', '嫩豆腐') ON CONFLICT (product_choice_id, locale) DO NOTHING;
INSERT INTO product_choices (id, product_id, price_modifier, sort_order, choice_group_id) VALUES ('6c2dc67f-90bb-5aec-a275-761d050f9dc6', '90aa7eac-bf40-5f0e-a811-267247afcb38', 1.00, 7, 'c6399999-ada8-5fad-b010-f10dacda2ed9') ON CONFLICT (id) DO NOTHING;
INSERT INTO product_choice_translations (product_choice_id, locale, name) VALUES ('6c2dc67f-90bb-5aec-a275-761d050f9dc6', 'fr', 'Peau de tofu') ON CONFLICT (product_choice_id, locale) DO NOTHING;
INSERT INTO product_choice_translations (product_choice_id, locale, name) VALUES ('6c2dc67f-90bb-5aec-a275-761d050f9dc6', 'en', 'Tofu skin') ON CONFLICT (product_choice_id, locale) DO NOTHING;
INSERT INTO product_choice_translations (product_choice_id, locale, name) VALUES ('6c2dc67f-90bb-5aec-a275-761d050f9dc6', 'nl', 'Tofuvel') ON CONFLICT (product_choice_id, locale) DO NOTHING;
INSERT INTO product_choice_translations (product_choice_id, locale, name) VALUES ('6c2dc67f-90bb-5aec-a275-761d050f9dc6', 'zh', '豆皮') ON CONFLICT (product_choice_id, locale) DO NOTHING;
INSERT INTO product_choices (id, product_id, price_modifier, sort_order, choice_group_id) VALUES ('20e1411f-1977-5030-a839-d4752aa67ebc', '90aa7eac-bf40-5f0e-a811-267247afcb38', 1.00, 8, 'c6399999-ada8-5fad-b010-f10dacda2ed9') ON CONFLICT (id) DO NOTHING;
INSERT INTO product_choice_translations (product_choice_id, locale, name) VALUES ('20e1411f-1977-5030-a839-d4752aa67ebc', 'fr', 'Algue kombu') ON CONFLICT (product_choice_id, locale) DO NOTHING;
INSERT INTO product_choice_translations (product_choice_id, locale, name) VALUES ('20e1411f-1977-5030-a839-d4752aa67ebc', 'en', 'Kombu seaweed') ON CONFLICT (product_choice_id, locale) DO NOTHING;
INSERT INTO product_choice_translations (product_choice_id, locale, name) VALUES ('20e1411f-1977-5030-a839-d4752aa67ebc', 'nl', 'Kombu-zeewier') ON CONFLICT (product_choice_id, locale) DO NOTHING;
INSERT INTO product_choice_translations (product_choice_id, locale, name) VALUES ('20e1411f-1977-5030-a839-d4752aa67ebc', 'zh', '海带') ON CONFLICT (product_choice_id, locale) DO NOTHING;
INSERT INTO product_choices (id, product_id, price_modifier, sort_order, choice_group_id) VALUES ('458546c3-d610-5ca4-be49-3f01f5ac85cc', '90aa7eac-bf40-5f0e-a811-267247afcb38', 1.00, 9, 'c6399999-ada8-5fad-b010-f10dacda2ed9') ON CONFLICT (id) DO NOTHING;
INSERT INTO product_choice_translations (product_choice_id, locale, name) VALUES ('458546c3-d610-5ca4-be49-3f01f5ac85cc', 'fr', 'Maïs doux') ON CONFLICT (product_choice_id, locale) DO NOTHING;
INSERT INTO product_choice_translations (product_choice_id, locale, name) VALUES ('458546c3-d610-5ca4-be49-3f01f5ac85cc', 'en', 'Sweet corn') ON CONFLICT (product_choice_id, locale) DO NOTHING;
INSERT INTO product_choice_translations (product_choice_id, locale, name) VALUES ('458546c3-d610-5ca4-be49-3f01f5ac85cc', 'nl', 'Zoete maïs') ON CONFLICT (product_choice_id, locale) DO NOTHING;
INSERT INTO product_choice_translations (product_choice_id, locale, name) VALUES ('458546c3-d610-5ca4-be49-3f01f5ac85cc', 'zh', '玉米') ON CONFLICT (product_choice_id, locale) DO NOTHING;
INSERT INTO product_choices (id, product_id, price_modifier, sort_order, choice_group_id) VALUES ('8f54e585-5882-5080-b6b1-2bcb9e2e2b04', '90aa7eac-bf40-5f0e-a811-267247afcb38', 1.20, 10, 'c6399999-ada8-5fad-b010-f10dacda2ed9') ON CONFLICT (id) DO NOTHING;
INSERT INTO product_choice_translations (product_choice_id, locale, name) VALUES ('8f54e585-5882-5080-b6b1-2bcb9e2e2b04', 'fr', 'Racine de lotus') ON CONFLICT (product_choice_id, locale) DO NOTHING;
INSERT INTO product_choice_translations (product_choice_id, locale, name) VALUES ('8f54e585-5882-5080-b6b1-2bcb9e2e2b04', 'en', 'Lotus root') ON CONFLICT (product_choice_id, locale) DO NOTHING;
INSERT INTO product_choice_translations (product_choice_id, locale, name) VALUES ('8f54e585-5882-5080-b6b1-2bcb9e2e2b04', 'nl', 'Lotuswortel') ON CONFLICT (product_choice_id, locale) DO NOTHING;
INSERT INTO product_choice_translations (product_choice_id, locale, name) VALUES ('8f54e585-5882-5080-b6b1-2bcb9e2e2b04', 'zh', '莲藕') ON CONFLICT (product_choice_id, locale) DO NOTHING;
INSERT INTO product_choices (id, product_id, price_modifier, sort_order, choice_group_id) VALUES ('144055ab-b2fe-5225-a021-c00f8b2e40d3', '90aa7eac-bf40-5f0e-a811-267247afcb38', 1.50, 11, 'c6399999-ada8-5fad-b010-f10dacda2ed9') ON CONFLICT (id) DO NOTHING;
INSERT INTO product_choice_translations (product_choice_id, locale, name) VALUES ('144055ab-b2fe-5225-a021-c00f8b2e40d3', 'fr', 'Boulettes de bœuf') ON CONFLICT (product_choice_id, locale) DO NOTHING;
INSERT INTO product_choice_translations (product_choice_id, locale, name) VALUES ('144055ab-b2fe-5225-a021-c00f8b2e40d3', 'en', 'Beef balls') ON CONFLICT (product_choice_id, locale) DO NOTHING;
INSERT INTO product_choice_translations (product_choice_id, locale, name) VALUES ('144055ab-b2fe-5225-a021-c00f8b2e40d3', 'nl', 'Rundvleesballetjes') ON CONFLICT (product_choice_id, locale) DO NOTHING;
INSERT INTO product_choice_translations (product_choice_id, locale, name) VALUES ('144055ab-b2fe-5225-a021-c00f8b2e40d3', 'zh', '牛肉丸') ON CONFLICT (product_choice_id, locale) DO NOTHING;
INSERT INTO product_choices (id, product_id, price_modifier, sort_order, choice_group_id) VALUES ('fe082781-6185-586b-aceb-be7cc4006fde', '90aa7eac-bf40-5f0e-a811-267247afcb38', 1.50, 12, 'c6399999-ada8-5fad-b010-f10dacda2ed9') ON CONFLICT (id) DO NOTHING;
INSERT INTO product_choice_translations (product_choice_id, locale, name) VALUES ('fe082781-6185-586b-aceb-be7cc4006fde', 'fr', 'Boulettes de poisson') ON CONFLICT (product_choice_id, locale) DO NOTHING;
INSERT INTO product_choice_translations (product_choice_id, locale, name) VALUES ('fe082781-6185-586b-aceb-be7cc4006fde', 'en', 'Fish balls') ON CONFLICT (product_choice_id, locale) DO NOTHING;
INSERT INTO product_choice_translations (product_choice_id, locale, name) VALUES ('fe082781-6185-586b-aceb-be7cc4006fde', 'nl', 'Visballetjes') ON CONFLICT (product_choice_id, locale) DO NOTHING;
INSERT INTO product_choice_translations (product_choice_id, locale, name) VALUES ('fe082781-6185-586b-aceb-be7cc4006fde', 'zh', '鱼丸') ON CONFLICT (product_choice_id, locale) DO NOTHING;
INSERT INTO product_choices (id, product_id, price_modifier, sort_order, choice_group_id) VALUES ('f8ef5216-2c93-504b-bce5-d431a0c90c7d', '90aa7eac-bf40-5f0e-a811-267247afcb38', 1.50, 13, 'c6399999-ada8-5fad-b010-f10dacda2ed9') ON CONFLICT (id) DO NOTHING;
INSERT INTO product_choice_translations (product_choice_id, locale, name) VALUES ('f8ef5216-2c93-504b-bce5-d431a0c90c7d', 'fr', 'Tranches de bœuf') ON CONFLICT (product_choice_id, locale) DO NOTHING;
INSERT INTO product_choice_translations (product_choice_id, locale, name) VALUES ('f8ef5216-2c93-504b-bce5-d431a0c90c7d', 'en', 'Sliced beef') ON CONFLICT (product_choice_id, locale) DO NOTHING;
INSERT INTO product_choice_translations (product_choice_id, locale, name) VALUES ('f8ef5216-2c93-504b-bce5-d431a0c90c7d', 'nl', 'Rundvleesplakjes') ON CONFLICT (product_choice_id, locale) DO NOTHING;
INSERT INTO product_choice_translations (product_choice_id, locale, name) VALUES ('f8ef5216-2c93-504b-bce5-d431a0c90c7d', 'zh', '肥牛卷') ON CONFLICT (product_choice_id, locale) DO NOTHING;
INSERT INTO product_choices (id, product_id, price_modifier, sort_order, choice_group_id) VALUES ('488ab501-e485-5566-ba08-f2a86be87cc6', '90aa7eac-bf40-5f0e-a811-267247afcb38', 1.50, 14, 'c6399999-ada8-5fad-b010-f10dacda2ed9') ON CONFLICT (id) DO NOTHING;
INSERT INTO product_choice_translations (product_choice_id, locale, name) VALUES ('488ab501-e485-5566-ba08-f2a86be87cc6', 'fr', 'Poitrine de porc') ON CONFLICT (product_choice_id, locale) DO NOTHING;
INSERT INTO product_choice_translations (product_choice_id, locale, name) VALUES ('488ab501-e485-5566-ba08-f2a86be87cc6', 'en', 'Pork belly') ON CONFLICT (product_choice_id, locale) DO NOTHING;
INSERT INTO product_choice_translations (product_choice_id, locale, name) VALUES ('488ab501-e485-5566-ba08-f2a86be87cc6', 'nl', 'Buikspek') ON CONFLICT (product_choice_id, locale) DO NOTHING;
INSERT INTO product_choice_translations (product_choice_id, locale, name) VALUES ('488ab501-e485-5566-ba08-f2a86be87cc6', 'zh', '五花肉') ON CONFLICT (product_choice_id, locale) DO NOTHING;
INSERT INTO product_choices (id, product_id, price_modifier, sort_order, choice_group_id) VALUES ('ca55fbd8-7757-5b3e-9003-ee4f82a04aaf', '90aa7eac-bf40-5f0e-a811-267247afcb38', 1.50, 15, 'c6399999-ada8-5fad-b010-f10dacda2ed9') ON CONFLICT (id) DO NOTHING;
INSERT INTO product_choice_translations (product_choice_id, locale, name) VALUES ('ca55fbd8-7757-5b3e-9003-ee4f82a04aaf', 'fr', 'Crevettes') ON CONFLICT (product_choice_id, locale) DO NOTHING;
INSERT INTO product_choice_translations (product_choice_id, locale, name) VALUES ('ca55fbd8-7757-5b3e-9003-ee4f82a04aaf', 'en', 'Shrimp') ON CONFLICT (product_choice_id, locale) DO NOTHING;
INSERT INTO product_choice_translations (product_choice_id, locale, name) VALUES ('ca55fbd8-7757-5b3e-9003-ee4f82a04aaf', 'nl', 'Garnalen') ON CONFLICT (product_choice_id, locale) DO NOTHING;
INSERT INTO product_choice_translations (product_choice_id, locale, name) VALUES ('ca55fbd8-7757-5b3e-9003-ee4f82a04aaf', 'zh', '鲜虾') ON CONFLICT (product_choice_id, locale) DO NOTHING;
INSERT INTO product_choices (id, product_id, price_modifier, sort_order, choice_group_id) VALUES ('6c2d1f1c-ff5f-5792-982f-4076c3f7d492', '90aa7eac-bf40-5f0e-a811-267247afcb38', 1.50, 16, 'c6399999-ada8-5fad-b010-f10dacda2ed9') ON CONFLICT (id) DO NOTHING;
INSERT INTO product_choice_translations (product_choice_id, locale, name) VALUES ('6c2d1f1c-ff5f-5792-982f-4076c3f7d492', 'fr', 'Bâtonnets de surimi') ON CONFLICT (product_choice_id, locale) DO NOTHING;
INSERT INTO product_choice_translations (product_choice_id, locale, name) VALUES ('6c2d1f1c-ff5f-5792-982f-4076c3f7d492', 'en', 'Surimi sticks') ON CONFLICT (product_choice_id, locale) DO NOTHING;
INSERT INTO product_choice_translations (product_choice_id, locale, name) VALUES ('6c2d1f1c-ff5f-5792-982f-4076c3f7d492', 'nl', 'Surimisticks') ON CONFLICT (product_choice_id, locale) DO NOTHING;
INSERT INTO product_choice_translations (product_choice_id, locale, name) VALUES ('6c2d1f1c-ff5f-5792-982f-4076c3f7d492', 'zh', '蟹柳') ON CONFLICT (product_choice_id, locale) DO NOTHING;
INSERT INTO product_choices (id, product_id, price_modifier, sort_order, choice_group_id) VALUES ('b3a64026-029d-545f-8d61-e89649ee4777', '90aa7eac-bf40-5f0e-a811-267247afcb38', 1.50, 17, 'c6399999-ada8-5fad-b010-f10dacda2ed9') ON CONFLICT (id) DO NOTHING;
INSERT INTO product_choice_translations (product_choice_id, locale, name) VALUES ('b3a64026-029d-545f-8d61-e89649ee4777', 'fr', 'Saucisse chinoise') ON CONFLICT (product_choice_id, locale) DO NOTHING;
INSERT INTO product_choice_translations (product_choice_id, locale, name) VALUES ('b3a64026-029d-545f-8d61-e89649ee4777', 'en', 'Chinese sausage') ON CONFLICT (product_choice_id, locale) DO NOTHING;
INSERT INTO product_choice_translations (product_choice_id, locale, name) VALUES ('b3a64026-029d-545f-8d61-e89649ee4777', 'nl', 'Chinese worst') ON CONFLICT (product_choice_id, locale) DO NOTHING;
INSERT INTO product_choice_translations (product_choice_id, locale, name) VALUES ('b3a64026-029d-545f-8d61-e89649ee4777', 'zh', '亲亲肠') ON CONFLICT (product_choice_id, locale) DO NOTHING;
INSERT INTO product_choices (id, product_id, price_modifier, sort_order, choice_group_id) VALUES ('bb8231ae-ddbe-5e80-b89b-228a8920e984', '90aa7eac-bf40-5f0e-a811-267247afcb38', 1.50, 18, 'c6399999-ada8-5fad-b010-f10dacda2ed9') ON CONFLICT (id) DO NOTHING;
INSERT INTO product_choice_translations (product_choice_id, locale, name) VALUES ('bb8231ae-ddbe-5e80-b89b-228a8920e984', 'fr', 'Œufs de caille') ON CONFLICT (product_choice_id, locale) DO NOTHING;
INSERT INTO product_choice_translations (product_choice_id, locale, name) VALUES ('bb8231ae-ddbe-5e80-b89b-228a8920e984', 'en', 'Quail eggs') ON CONFLICT (product_choice_id, locale) DO NOTHING;
INSERT INTO product_choice_translations (product_choice_id, locale, name) VALUES ('bb8231ae-ddbe-5e80-b89b-228a8920e984', 'nl', 'Kwarteleitjes') ON CONFLICT (product_choice_id, locale) DO NOTHING;
INSERT INTO product_choice_translations (product_choice_id, locale, name) VALUES ('bb8231ae-ddbe-5e80-b89b-228a8920e984', 'zh', '鹌鹑蛋') ON CONFLICT (product_choice_id, locale) DO NOTHING;
INSERT INTO product_choices (id, product_id, price_modifier, sort_order, choice_group_id) VALUES ('bc33210a-6ece-5389-8bdd-64461222e464', '90aa7eac-bf40-5f0e-a811-267247afcb38', 1.20, 19, 'c6399999-ada8-5fad-b010-f10dacda2ed9') ON CONFLICT (id) DO NOTHING;
INSERT INTO product_choice_translations (product_choice_id, locale, name) VALUES ('bc33210a-6ece-5389-8bdd-64461222e464', 'fr', 'Nouilles de patate douce') ON CONFLICT (product_choice_id, locale) DO NOTHING;
INSERT INTO product_choice_translations (product_choice_id, locale, name) VALUES ('bc33210a-6ece-5389-8bdd-64461222e464', 'en', 'Sweet potato noodles') ON CONFLICT (product_choice_id, locale) DO NOTHING;
INSERT INTO product_choice_translations (product_choice_id, locale, name) VALUES ('bc33210a-6ece-5389-8bdd-64461222e464', 'nl', 'Zoete-aardappelnoedels') ON CONFLICT (product_choice_id, locale) DO NOTHING;
INSERT INTO product_choice_translations (product_choice_id, locale, name) VALUES ('bc33210a-6ece-5389-8bdd-64461222e464', 'zh', '红薯粉') ON CONFLICT (product_choice_id, locale) DO NOTHING;
INSERT INTO product_choices (id, product_id, price_modifier, sort_order, choice_group_id) VALUES ('f211d59a-f253-5c1d-96e9-d83a5648c49a', '90aa7eac-bf40-5f0e-a811-267247afcb38', 1.20, 20, 'c6399999-ada8-5fad-b010-f10dacda2ed9') ON CONFLICT (id) DO NOTHING;
INSERT INTO product_choice_translations (product_choice_id, locale, name) VALUES ('f211d59a-f253-5c1d-96e9-d83a5648c49a', 'fr', 'Nouilles udon') ON CONFLICT (product_choice_id, locale) DO NOTHING;
INSERT INTO product_choice_translations (product_choice_id, locale, name) VALUES ('f211d59a-f253-5c1d-96e9-d83a5648c49a', 'en', 'Udon noodles') ON CONFLICT (product_choice_id, locale) DO NOTHING;
INSERT INTO product_choice_translations (product_choice_id, locale, name) VALUES ('f211d59a-f253-5c1d-96e9-d83a5648c49a', 'nl', 'Udonnoedels') ON CONFLICT (product_choice_id, locale) DO NOTHING;
INSERT INTO product_choice_translations (product_choice_id, locale, name) VALUES ('f211d59a-f253-5c1d-96e9-d83a5648c49a', 'zh', '乌冬面') ON CONFLICT (product_choice_id, locale) DO NOTHING;
INSERT INTO product_choices (id, product_id, price_modifier, sort_order, choice_group_id) VALUES ('11d6918e-9c7c-5e83-918d-e7e7098c4481', '90aa7eac-bf40-5f0e-a811-267247afcb38', 1.20, 21, 'c6399999-ada8-5fad-b010-f10dacda2ed9') ON CONFLICT (id) DO NOTHING;
INSERT INTO product_choice_translations (product_choice_id, locale, name) VALUES ('11d6918e-9c7c-5e83-918d-e7e7098c4481', 'fr', 'Vermicelles de riz') ON CONFLICT (product_choice_id, locale) DO NOTHING;
INSERT INTO product_choice_translations (product_choice_id, locale, name) VALUES ('11d6918e-9c7c-5e83-918d-e7e7098c4481', 'en', 'Rice vermicelli') ON CONFLICT (product_choice_id, locale) DO NOTHING;
INSERT INTO product_choice_translations (product_choice_id, locale, name) VALUES ('11d6918e-9c7c-5e83-918d-e7e7098c4481', 'nl', 'Rijstvermicelli') ON CONFLICT (product_choice_id, locale) DO NOTHING;
INSERT INTO product_choice_translations (product_choice_id, locale, name) VALUES ('11d6918e-9c7c-5e83-918d-e7e7098c4481', 'zh', '米线') ON CONFLICT (product_choice_id, locale) DO NOTHING;
INSERT INTO product_choices (id, product_id, price_modifier, sort_order, choice_group_id) VALUES ('0cb513ea-309b-5824-a8d3-8849128f4cf9', '90aa7eac-bf40-5f0e-a811-267247afcb38', 1.20, 22, 'c6399999-ada8-5fad-b010-f10dacda2ed9') ON CONFLICT (id) DO NOTHING;
INSERT INTO product_choice_translations (product_choice_id, locale, name) VALUES ('0cb513ea-309b-5824-a8d3-8849128f4cf9', 'fr', 'Nouilles instantanées') ON CONFLICT (product_choice_id, locale) DO NOTHING;
INSERT INTO product_choice_translations (product_choice_id, locale, name) VALUES ('0cb513ea-309b-5824-a8d3-8849128f4cf9', 'en', 'Instant noodles') ON CONFLICT (product_choice_id, locale) DO NOTHING;
INSERT INTO product_choice_translations (product_choice_id, locale, name) VALUES ('0cb513ea-309b-5824-a8d3-8849128f4cf9', 'nl', 'Instantnoedels') ON CONFLICT (product_choice_id, locale) DO NOTHING;
INSERT INTO product_choice_translations (product_choice_id, locale, name) VALUES ('0cb513ea-309b-5824-a8d3-8849128f4cf9', 'zh', '方便面') ON CONFLICT (product_choice_id, locale) DO NOTHING;
INSERT INTO product_choice_groups (id, product_id, min_selections, max_selections, sort_order) VALUES ('6e24a27f-989f-55d6-b59f-f45420663cf8', '90aa7eac-bf40-5f0e-a811-267247afcb38', 1, 1, 2) ON CONFLICT (id) DO NOTHING;
INSERT INTO product_choice_group_translations (product_choice_group_id, locale, name) VALUES ('6e24a27f-989f-55d6-b59f-f45420663cf8', 'fr', 'Niveau de piquant') ON CONFLICT (product_choice_group_id, locale) DO NOTHING;
INSERT INTO product_choice_group_translations (product_choice_group_id, locale, name) VALUES ('6e24a27f-989f-55d6-b59f-f45420663cf8', 'en', 'Spice level') ON CONFLICT (product_choice_group_id, locale) DO NOTHING;
INSERT INTO product_choice_group_translations (product_choice_group_id, locale, name) VALUES ('6e24a27f-989f-55d6-b59f-f45420663cf8', 'nl', 'Pittigheid') ON CONFLICT (product_choice_group_id, locale) DO NOTHING;
INSERT INTO product_choice_group_translations (product_choice_group_id, locale, name) VALUES ('6e24a27f-989f-55d6-b59f-f45420663cf8', 'zh', '辣度') ON CONFLICT (product_choice_group_id, locale) DO NOTHING;
INSERT INTO product_choices (id, product_id, price_modifier, sort_order, choice_group_id) VALUES ('b205b0c5-7367-505e-948e-d2d8d554f0ea', '90aa7eac-bf40-5f0e-a811-267247afcb38', 0.00, 0, '6e24a27f-989f-55d6-b59f-f45420663cf8') ON CONFLICT (id) DO NOTHING;
INSERT INTO product_choice_translations (product_choice_id, locale, name) VALUES ('b205b0c5-7367-505e-948e-d2d8d554f0ea', 'fr', 'Doux') ON CONFLICT (product_choice_id, locale) DO NOTHING;
INSERT INTO product_choice_translations (product_choice_id, locale, name) VALUES ('b205b0c5-7367-505e-948e-d2d8d554f0ea', 'en', 'Mild') ON CONFLICT (product_choice_id, locale) DO NOTHING;
INSERT INTO product_choice_translations (product_choice_id, locale, name) VALUES ('b205b0c5-7367-505e-948e-d2d8d554f0ea', 'nl', 'Mild') ON CONFLICT (product_choice_id, locale) DO NOTHING;
INSERT INTO product_choice_translations (product_choice_id, locale, name) VALUES ('b205b0c5-7367-505e-948e-d2d8d554f0ea', 'zh', '微辣') ON CONFLICT (product_choice_id, locale) DO NOTHING;
INSERT INTO product_choices (id, product_id, price_modifier, sort_order, choice_group_id) VALUES ('9df42e70-00c9-5913-8389-34c40ef603d0', '90aa7eac-bf40-5f0e-a811-267247afcb38', 0.00, 1, '6e24a27f-989f-55d6-b59f-f45420663cf8') ON CONFLICT (id) DO NOTHING;
INSERT INTO product_choice_translations (product_choice_id, locale, name) VALUES ('9df42e70-00c9-5913-8389-34c40ef603d0', 'fr', 'Moyen') ON CONFLICT (product_choice_id, locale) DO NOTHING;
INSERT INTO product_choice_translations (product_choice_id, locale, name) VALUES ('9df42e70-00c9-5913-8389-34c40ef603d0', 'en', 'Medium') ON CONFLICT (product_choice_id, locale) DO NOTHING;
INSERT INTO product_choice_translations (product_choice_id, locale, name) VALUES ('9df42e70-00c9-5913-8389-34c40ef603d0', 'nl', 'Medium') ON CONFLICT (product_choice_id, locale) DO NOTHING;
INSERT INTO product_choice_translations (product_choice_id, locale, name) VALUES ('9df42e70-00c9-5913-8389-34c40ef603d0', 'zh', '中辣') ON CONFLICT (product_choice_id, locale) DO NOTHING;
INSERT INTO product_choices (id, product_id, price_modifier, sort_order, choice_group_id) VALUES ('15616155-1feb-54e9-a40f-42bd31278609', '90aa7eac-bf40-5f0e-a811-267247afcb38', 0.00, 2, '6e24a27f-989f-55d6-b59f-f45420663cf8') ON CONFLICT (id) DO NOTHING;
INSERT INTO product_choice_translations (product_choice_id, locale, name) VALUES ('15616155-1feb-54e9-a40f-42bd31278609', 'fr', 'Fort') ON CONFLICT (product_choice_id, locale) DO NOTHING;
INSERT INTO product_choice_translations (product_choice_id, locale, name) VALUES ('15616155-1feb-54e9-a40f-42bd31278609', 'en', 'Hot') ON CONFLICT (product_choice_id, locale) DO NOTHING;
INSERT INTO product_choice_translations (product_choice_id, locale, name) VALUES ('15616155-1feb-54e9-a40f-42bd31278609', 'nl', 'Pittig') ON CONFLICT (product_choice_id, locale) DO NOTHING;
INSERT INTO product_choice_translations (product_choice_id, locale, name) VALUES ('15616155-1feb-54e9-a40f-42bd31278609', 'zh', '特辣') ON CONFLICT (product_choice_id, locale) DO NOTHING;
UPDATE restaurant_config SET opening_hours = '{"monday": {"open": "11:30", "close": "22:00"}, "tuesday": {"open": "11:30", "close": "22:00"}, "wednesday": {"open": "11:30", "close": "22:00"}, "thursday": {"open": "11:30", "close": "22:00"}, "friday": {"open": "11:30", "close": "22:00"}, "saturday": {"open": "11:30", "close": "22:00"}, "sunday": {"open": "11:30", "close": "22:00"}}'::jsonb, updated_at = now() WHERE id = true;
COMMIT;
